"","MES","BARRIO","AﾑO_2018_PRED"
"1","01","",2.7357001720951
"2","01","ﾃ〉ea de Expansiﾃｳn Pajarito",2.67209863952805
"3","01","Alejandrﾃｭa",2.81457948243993
"4","01","Alejandro Echavarrﾃｭa",4.1654659276823
"5","01","Alfonso Lﾃｳpez",7.2109867033743
"6","01","Altamira",1.37707948243993
"7","01","Aures No.1",3.22046131833882
"8","01","Barrio Caicedo",5.68387596142286
"9","01","Barrio Colﾃｳn",41.2450190927436
"10","01","Barrio Colombia",10.5389067934996
"11","01","Belﾃｩn",29.0512517618558
"12","01","Belalcﾃ｡zar",1.33213644524237
"13","01","Bolivariana",2.88761086474501
"14","01","Bombonﾃ｡ No. 1",4.40064324903828
"15","01","Bosques de San Pablo",2.80457329721551
"16","01","Boston",15.698794368695
"17","01","Brasilia",2.90394515408172
"18","01","Buenos Aires",1.53308128544423
"19","01","Cﾃｳrdoba",1.33213644524237
"20","01","Cabecera San Antonio de Prado",8.69393829775938
"21","01","Cabecera Urbana San Cristobal",1.40789473684211
"22","01","Calasanz",1.33213644524237
"23","01","Calasanz Parte Alta",1.29501915708812
"24","01","Calle Nueva",11.3715183322625
"25","01","Campo Alegre",2.74003118208448
"26","01","Campo Amor",39.5267971478044
"27","01","Campo Valdﾃｩs No. 1",8.69990974060399
"28","01","Campo Valdﾃｩs No. 2",4.21518099969782
"29","01","Caribe",41.5917821647709
"30","01","Carlos E. Restrepo",27.9761015240961
"31","01","Castilla",24.2015946586324
"32","01","Castropol",6.39934483056211
"33","01","Cerro Nutibara",1.42105263157895
"34","01","Corazﾃｳn de Jesﾃｺs",14.2669916880421
"35","01","Cristo Rey",11.9680855097968
"36","01","Cuarta Brigada",4.66835689239535
"37","01","Cucaracho",8.15488917695654
"38","01","El Chagualo",6.56016658299028
"39","01","El Diamante",7.91484194765179
"40","01","El Estadio",8.24835505501593
"41","01","El Nogal-Los Almendros",1.33213644524237
"42","01","El Poblado",8.83215882861539
"43","01","El Progreso",17.6158205773875
"44","01","El Rincﾃｳn",5.69297347971506
"45","01","El Salvador",2.90179455445545
"46","01","El Tesoro",2.62715560233049
"47","01","El Velﾃｳdromo",1.37707948243993
"48","01","Enciso",1.37707948243993
"49","01","Estaciﾃｳn Villa",5.9829989920908
"50","01","Fﾃ｡tima",4.67825984067939
"51","01","Facultad de Minas U. Nacional",1.44578313253012
"52","01","Florencia",1.29501915708812
"53","01","Florida Nueva",4.04135237292467
"54","01","Francisco Antonio Zea",2.82286261497005
"55","01","Girardot",6.00550688967559
"56","01","Granada",1.40789473684211
"57","01","Guayabal",17.1991332739397
"58","01","Guayaquil",31.183941386873
"59","01","Hﾃｩctor Abad Gﾃｳmez",2.79707948243993
"60","01","Jesﾃｺs Nazareno",14.4401342707811
"61","01","Kennedy",2.74080228961824
"62","01","La Aguacatala",7.83687212141085
"63","01","La Alpujarra",5.62743591218556
"64","01","La Amﾃｩrica",1.45011086474501
"65","01","La Candelaria",43.1096645279875
"66","01","La Castellana",4.15499906021242
"67","01","La Esperanza",1.42
"68","01","La Floresta",1.40789473684211
"69","01","La Florida",2.59003831417625
"70","01","La Gloria",5.54157552206369
"71","01","La Isla",1.29501915708812
"72","01","La Libertad",1.33213644524237
"73","01","La Palma",1.44578313253012
"74","01","Lﾃｳpez de Mesa",6.93899549325431
"75","01","Las Acacias",5.84598101667824
"76","01","Las Brisas",5.88656556942735
"77","01","Las Granjas",4.30992786937223
"78","01","Las Lomas No.1",1.57943925233645
"79","01","Las Lomas No.2",1.29501915708812
"80","01","Las Palmas",1.7710843373494
"81","01","Laureles",7.35438217232134
"82","01","Lorena",1.29501915708812
"83","01","Loreto",3.0848834751804
"84","01","Los ﾃ］geles",16.0914484543483
"85","01","Los Alpes",1.37707948243993
"86","01","Los Colores",15.3909587408415
"87","01","Los Conquistadores",40.0533632564327
"88","01","Los Mangos",1.37707948243993
"89","01","Los Naranjos",1.29501915708812
"90","01","Los Pinos",4.5974537037037
"91","01","Manila",9.83951904365262
"92","01","Manrique Central No. 1",5.83471778775083
"93","01","Manrique Central No. 2",3.02607655502392
"94","01","Manrique Oriental",1.29501915708812
"95","01","Miranda",4.29495943135436
"96","01","Moravia",9.67666639877037
"97","01","Naranjal",30.7313658273218
"98","01","Palenque",1.33213644524237
"99","01","Parque Juan Pablo II",1.44554455445545
"100","01","Patio Bonito",4.1654659276823
"101","01","Pedregal",5.71133344251262
"102","01","Perpetuo Socorro",40.6234490016098
"103","01","Popular",3.08464250765001
"104","01","Prado",13.698161966942
"105","01","Robledo",7.99508696146588
"106","01","Rosales",12.9252569369361
"107","01","San Benito",18.5683068858695
"108","01","San Bernardo",3.30812595226003
"109","01","San Diego",27.0704341166954
"110","01","San Germﾃ｡n",4.15402127397228
"111","01","San Isidro",1.43214285714286
"112","01","San Javier No.1",3.26142559063068
"113","01","San Martﾃｭn de Porres",2.90284653465347
"114","01","San Miguel",1.33213644524237
"115","01","San Pablo",1.40789473684211
"116","01","San Pedro",2.95900852878465
"117","01","Santa Fﾃｩ",32.7550575419344
"118","01","Santa Marﾃｭa de los ﾃ］geles",1.29501915708812
"119","01","Santander",2.62715560233049
"120","01","Sevilla",9.12735387798515
"121","01","Sucre",4.12052289048474
"122","01","Suramericana",9.9640132656989
"123","01","Tejelo",2.67209863952805
"124","01","Tenche",2.7092159276823
"125","01","Terminal de Transporte",32.7784657338065
"126","01","Toscana",4.26098956597275
"127","01","Tricentenario",3.08626985342934
"128","01","Trinidad",5.52328270388615
"129","01","Universidad de Antioquia",1.42105263157895
"130","01","Universidad Nacional",13.6126253603212
"131","01","Villa Carlota",19.3790356676568
"132","01","Villa del Socorro",1.70756302521008
"133","01","Villa Flora",7.38282406055016
"134","01","Villa Guadalupe",1.29501915708812
"135","01","Villa Hermosa",1.58333333333333
"136","01","Villa Nueva",20.6519570445108
"137","02","ﾃ〉ea de Expansiﾃｳn Pajarito",2.78838644524237
"138","02","Alejandrﾃｭa",2.93633874169919
"139","02","Alejandro Echavarrﾃｭa",3.3770965876229
"140","02","Alfonso Lﾃｳpez",10.1487091535068
"141","02","Altamira",1.68449931412894
"142","02","Asomadera No. 2",1.51923076923077
"143","02","Astorga",1.43214285714286
"144","02","Aures No. 2",1.29501915708812
"145","02","Barrio Caicedo",3.09100573339704
"146","02","Barrio Colﾃｳn",37.0889651686043
"147","02","Barrio Colombia",13.9226623067333
"148","02","Belﾃｩn",21.9288889572126
"149","02","Belalcﾃ｡zar",1.42
"150","02","Berlin",8.89073812148626
"151","02","Bolivariana",5.64475534188156
"152","02","Bombonﾃ｡ No. 1",6.42929227051825
"153","02","Bosques de San Pablo",1.33213644524237
"154","02","Boston",25.806236650732
"155","02","Boyacﾃ｡",1.44578313253012
"156","02","Brasilia",1.29501915708812
"157","02","Cﾃｳrdoba",1.33213644524237
"158","02","Cabecera San Antonio de Prado",17.489725943545
"159","02","Cabecera Urbana San Cristobal",7.0244033392806
"160","02","Calasanz",2.62715560233049
"161","02","Calle Nueva",12.2751012464909
"162","02","Campo Alegre",2.69075713489754
"163","02","Campo Amor",58.0509846265184
"164","02","Campo Valdﾃｩs No. 1",8.12657266475458
"165","02","Campo Valdﾃｩs No. 2",3.15708812260536
"166","02","Caribe",43.4711863903303
"167","02","Carlos E. Restrepo",32.2858062270651
"168","02","Castilla",30.3386208772677
"169","02","Castropol",10.6761679084048
"170","02","Cataluﾃｱa",1.29501915708812
"171","02","Cerro Nutibara",2.91746813667996
"172","02","Corazﾃｳn de Jesﾃｺs",23.05137399741
"173","02","Cristo Rey",14.8264402011538
"174","02","Cuarta Brigada",10.4826409659945
"175","02","Cucaracho",5.67543474559782
"176","02","Diego Echavarrﾃｭa",1.37707948243993
"177","02","Doce de Octubre No.1",1.44554455445545
"178","02","Doce de Octubre No.2",1.37707948243993
"179","02","El Chagualo",10.2628999519883
"180","02","El Danubio",3.01693925233645
"181","02","El Diamante",7.14602634947883
"182","02","El Estadio",16.1987228661305
"183","02","El Nogal-Los Almendros",1.29501915708812
"184","02","El Pesebre",1.29501915708812
"185","02","El Pinal",3.27462488516893
"186","02","El Poblado",9.00317436051179
"187","02","El Pomar",1.37707948243993
"188","02","El Progreso",23.7570727136326
"189","02","El Raizal",1.43214285714286
"190","02","El Rincﾃｳn",2.94945420448313
"191","02","El Salvador",1.42105263157895
"192","02","El Velﾃｳdromo",1.50367107195301
"193","02","Enciso",1.74622356495468
"194","02","Estaciﾃｳn Villa",11.8881234668883
"195","02","Fﾃ｡tima",9.22300551475424
"196","02","Facultad de Minas U. Nacional",5.53638435381376
"197","02","Ferrini",1.50955414012739
"198","02","Florida Nueva",9.88439765889454
"199","02","Francisco Antonio Zea",1.33213644524237
"200","02","Gerona",1.37707948243993
"201","02","Girardot",8.99323591476482
"202","02","Guayabal",23.7604483784849
"203","02","Guayaquil",37.2576492159286
"204","02","Hﾃｩctor Abad Gﾃｳmez",8.71959505477825
"205","02","Jesﾃｺs Nazareno",18.5142791185313
"206","02","Kennedy",5.63744209740997
"207","02","La Aguacatala",19.8416346228824
"208","02","La Alpujarra",13.3052152019355
"209","02","La Amﾃｩrica",3.14931465123363
"210","02","La Candelaria",59.4350066219016
"211","02","La Castellana",3.95929204757286
"212","02","La Colina",1.45625
"213","02","La Esperanza",1.33213644524237
"214","02","La Floresta",1.33213644524237
"215","02","La Florida",2.72716201423098
"216","02","La Gloria",2.78497421928203
"217","02","La Libertad",2.59003831417625
"218","02","La Mansiﾃｳn",1.33213644524237
"219","02","La Pilarica",1.29501915708812
"220","02","Lﾃｳpez de Mesa",4.38279541162296
"221","02","Las Acacias",11.6305505488735
"222","02","Las Brisas",11.7759139362029
"223","02","Las Esmeraldas",1.42
"224","02","Las Granjas",6.08932880844646
"225","02","Las Lomas No.2",1.42105263157895
"226","02","Las Mercedes",1.33213644524237
"227","02","Las Palmas",2.82286261497005
"228","02","Laureles",14.5323396107829
"229","02","Lorena",4.30431358098873
"230","02","Loreto",6.93268005991023
"231","02","Los ﾃ］geles",9.00601998067181
"232","02","Los Alcﾃ｡zares",1.42105263157895
"233","02","Los Alpes",2.99106541606542
"234","02","Los Balsos No.1",1.33213644524237
"235","02","Los Colores",15.7203809412669
"236","02","Los Conquistadores",42.6249237623157
"237","02","Los Mangos",2.78838644524237
"238","02","Los Pinos",6.2897421504115
"239","02","Manila",12.9153530560486
"240","02","Manrique Central No. 1",8.21200622608401
"241","02","Manrique Central No. 2",1.6984126984127
"242","02","Manrique Oriental",5.48783661733747
"243","02","Miraflores",2.85214285714286
"244","02","Miranda",8.86433851925886
"245","02","Moravia",13.3161318103098
"246","02","Naranjal",32.996701130491
"247","02","Nueva Villa de la Iguanﾃ｡",1.33213644524237
"248","02","Oleoducto",1.29501915708812
"249","02","Palenque",1.42105263157895
"250","02","Parque Juan Pablo II",4.51821191089806
"251","02","Patio Bonito",7.74600015427926
"252","02","Pedregal",2.75415896487985
"253","02","Perpetuo Socorro",46.4097426312695
"254","02","Picacho",3.02498380679189
"255","02","Playﾃｳn de Los Comuneros",1.50955414012739
"256","02","Popular",1.37707948243993
"257","02","Prado",20.0861010907994
"258","02","Robledo",5.56041389393023
"259","02","Rosales",16.4464829294604
"260","02","San Benito",38.3344771749869
"261","02","San Bernardo",2.84964100582762
"262","02","San Diego",28.8773851728653
"263","02","San Germﾃ｡n",4.02289358013991
"264","02","San Isidro",7.4180579791438
"265","02","San Javier No.1",1.44578313253012
"266","02","San Joaquﾃｭn",4.04135237292467
"267","02","San Martﾃｭn de Porres",1.37707948243993
"268","02","San Miguel",1.42
"269","02","San Pedro",5.24226091763405
"270","02","Santa Fﾃｩ",35.2611931827811
"271","02","Santa Mﾃｳnica",1.4375
"272","02","Santa Marﾃｭa de los ﾃ］geles",5.37842475941861
"273","02","Santa Marﾃｭa de Los ﾃ］geles",1.29501915708812
"274","02","Santander",2.79813211401887
"275","02","Santo Domingo Savio No. 2",1.37707948243993
"276","02","Sevilla",10.0733283391503
"277","02","Suburbano La Loma",2.75415896487985
"278","02","Sucre",6.93757097911083
"279","02","Suramericana",15.6765010597964
"280","02","Tejelo",1.42105263157895
"281","02","Tenche",6.17585313639554
"282","02","Terminal de Transporte",30.4796195183758
"283","02","Toscana",4.64972345671604
"284","02","Tricentenario",11.4661561454032
"285","02","Trinidad",7.02181563607106
"286","02","U.D. Atanasio Girardot",2.7092159276823
"287","02","Universidad de Antioquia",4.283510071616
"288","02","Universidad Nacional",16.4910879162852
"289","02","Villa Carlota",32.2437067349953
"290","02","Villa del Socorro",1.33213644524237
"291","02","Villa Flora",5.91859026169075
"292","02","Villa Guadalupe",1.29501915708812
"293","02","Villa Hermosa",1.37707948243993
"294","02","Villa Nueva",30.1626034041758
"295","03","",1.81512605042017
"296","03","ﾃ〉ea de Expansiﾃｳn Pajarito",1.50367107195301
"297","03","Alejandrﾃｭa",1.67159763313609
"298","03","Alejandro Echavarrﾃｭa",6.09112572210398
"299","03","Alfonso Lﾃｳpez",12.1709413783105
"300","03","Aranjuez",2.62715560233049
"301","03","Aures No. 2",2.85189929109217
"302","03","B. Cerro  El Volador",1.33213644524237
"303","03","Barrio Caicedo",7.27806814157398
"304","03","Barrio Colﾃｳn",35.1114834049856
"305","03","Belﾃｩn",26.2480168850012
"306","03","Belalcﾃ｡zar",2.59003831417625
"307","03","Berlin",5.32255747126437
"308","03","Bolivariana",7.06627820609152
"309","03","Bombonﾃ｡ No. 1",5.91674482411304
"310","03","Boston",22.7863515878989
"311","03","Boyacﾃ｡",5.89000552572641
"312","03","Buenos Aires",2.78838644524237
"313","03","Cabecera San Antonio de Prado",16.8582906205032
"314","03","Calasanz",5.91347808766104
"315","03","Calle Nueva",9.05583126602039
"316","03","Campo Alegre",2.75415896487985
"317","03","Campo Amor",55.4725369897073
"318","03","Campo Valdﾃｩs No. 1",12.1458567195727
"319","03","Campo Valdﾃｩs No. 2",1.42
"320","03","Caribe",58.1189801494673
"321","03","Carlos E. Restrepo",30.1160453158504
"322","03","Castilla",31.0325567988859
"323","03","Castropol",7.31454020238246
"324","03","Cementerio Universal",1.33213644524237
"325","03","Cerro Nutibara",4.25207948243993
"326","03","Corazﾃｳn de Jesﾃｺs",27.0342675111358
"327","03","Cristo Rey",15.3938460158025
"328","03","Cuarta Brigada",6.98034300869657
"329","03","Cucaracho",6.22320626263818
"330","03","Diego Echavarrﾃｭa",1.29501915708812
"331","03","Doce de Octubre No.1",1.37707948243993
"332","03","Doce de Octubre No.2",1.44578313253012
"333","03","El Chagualo",19.7190480848135
"334","03","El Diamante",8.60795448817938
"335","03","El Estadio",12.6262970845168
"336","03","El Pinal",4.04917812196797
"337","03","El Poblado",7.8862906951352
"338","03","El Progreso",18.417788152349
"339","03","El Raizal",1.33213644524237
"340","03","El Rincﾃｳn",10.2155793187609
"341","03","El Salvador",4.51292604328649
"342","03","El Tesoro",6.02235012140256
"343","03","El Velﾃｳdromo",5.44173508477042
"344","03","Enciso",1.63694267515924
"345","03","Estaciﾃｳn Villa",8.80456491611582
"346","03","Fﾃ｡tima",7.80554889424779
"347","03","Facultad de Minas U. Nacional",10.255251022213
"348","03","Ferrini",1.37707948243993
"349","03","Francisco Antonio Zea",2.66427289048474
"350","03","Gerona",2.62715560233049
"351","03","Girardot",8.54127800786065
"352","03","Granizal",2.82188482872991
"353","03","Guayabal",21.1071229455566
"354","03","Guayaquil",35.7792003061358
"355","03","Hﾃｩctor Abad Gﾃｳmez",6.53371213550115
"356","03","Jesﾃｺs Nazareno",26.7363481213492
"357","03","Kennedy",12.0883783732643
"358","03","La Aguacatala",10.2188425925926
"359","03","La Alpujarra",6.92880362037096
"360","03","La Amﾃｩrica",10.7474126089597
"361","03","La Candelaria",50.8855320653526
"362","03","La Colina",2.74080228961824
"363","03","La Esperanza",4.24367666847432
"364","03","La Floresta",4.17382703061213
"365","03","La Florida",5.65594051168865
"366","03","La Gloria",4.58835475145084
"367","03","La Milagrosa",4.13744517418151
"368","03","La Mota",1.5546218487395
"369","03","La Palma",2.62715560233049
"370","03","La Salle",4.40481398671391
"371","03","Lﾃｳpez de Mesa",7.36482533437866
"372","03","Las Acacias",7.78523621309149
"373","03","Las Brisas",8.544514822289
"374","03","Las Granjas",7.60090317415616
"375","03","Las Lomas No.1",2.67209863952805
"376","03","Las Mercedes",1.45625
"377","03","Las Palmas",4.63139278346175
"378","03","Las Playas",2.83332948243993
"379","03","Las Violetas",1.33213644524237
"380","03","Laureles",19.6478996288452
"381","03","Lorena",7.9154601008963
"382","03","Los ﾃ］geles",2.78497421928203
"383","03","Los Balsos No.2",1.29501915708812
"384","03","Los Colores",26.8009393385044
"385","03","Los Conquistadores",36.6462503343703
"386","03","Los Mangos",2.62715560233049
"387","03","Los Pinos",7.94414066961518
"388","03","Manila",17.9596480731211
"389","03","Manrique Central No. 1",1.42105263157895
"390","03","Manrique Central No. 2",7.01395344565419
"391","03","Manrique Oriental",8.69896431116984
"392","03","Miraflores",2.86554455445545
"393","03","Miranda",6.13678294918253
"394","03","Miravalle",1.33213644524237
"395","03","Moravia",4.9661208711498
"396","03","Naranjal",21.3711498363924
"397","03","Parque Juan Pablo II",4.26383777642179
"398","03","Patio Bonito",2.97241022609724
"399","03","Pedregal",4.53350243077573
"400","03","Perpetuo Socorro",37.8609326133942
"401","03","Picacho",4.0221811713191
"402","03","Popular",1.44578313253012
"403","03","Prado",16.5742002307682
"404","03","Robledo",10.4144765601481
"405","03","Rosales",11.7632341253536
"406","03","San Benito",40.2674967869075
"407","03","San Bernardo",4.38475659076587
"408","03","San Diego",35.4014217356964
"409","03","San Germﾃ｡n",7.22142816690231
"410","03","San Isidro",9.30947729307563
"411","03","San Javier No.1",2.77791957777249
"412","03","San Joaquﾃｭn",1.37707948243993
"413","03","San Martﾃｭn de Porres",2.80457329721551
"414","03","San Pedro",4.47431941923775
"415","03","Santa Fﾃｩ",45.7142501160234
"416","03","Santa Inﾃｩs",1.29501915708812
"417","03","Santa Mﾃｳnica",1.44578313253012
"418","03","Santa Marﾃｭa de los ﾃ］geles",1.42
"419","03","Santa Marﾃｭa de Los ﾃ］geles",1.29501915708812
"420","03","Santo Domingo Savio No. 1",1.33213644524237
"421","03","Sevilla",15.9852383953582
"422","03","Sucre",2.75415896487985
"423","03","Suramericana",16.9569963364276
"424","03","Tejelo",5.89386484723279
"425","03","Tenche",2.79869022904113
"426","03","Terminal de Transporte",35.6839438864844
"427","03","Toscana",2.67209863952805
"428","03","Tricentenario",4.70242656449553
"429","03","Trinidad",5.55538177205817
"430","03","Universidad de Antioquia",7.4667428536766
"431","03","Universidad Nacional",16.194484726163
"432","03","Veinte de Julio",1.35862068965517
"433","03","Versalles No. 1",2.7092159276823
"434","03","Villa Carlota",24.0530310620615
"435","03","Villa del Socorro",1.37707948243993
"436","03","Villa Flora",7.56532679661888
"437","03","Villa Guadalupe",1.33213644524237
"438","03","Villa Hermosa",2.66427289048474
"439","03","Villa Nueva",25.6982902604038
"440","04","ﾃ〉ea de Expansiﾃｳn Pajarito",1.61818181818182
"441","04","Alejandro Echavarrﾃｭa",7.0120268755594
"442","04","Alfonso Lﾃｳpez",4.54677829588809
"443","04","Altamira",4.29114497402702
"444","04","Asomadera No. 1",1.50955414012739
"445","04","Asomadera No. 2",1.53308128544423
"446","04","Aures No. 2",1.37707948243993
"447","04","Barrio Caicedo",1.62244897959184
"448","04","Barrio Colﾃｳn",38.2689461067375
"449","04","Barrio Colombia",5.71542413835774
"450","04","Belﾃｩn",32.4111985818999
"451","04","Belalcﾃ｡zar",4.11788177205817
"452","04","Bello Horizonte",1.37707948243993
"453","04","Berlin",2.75415896487985
"454","04","Bolivariana",9.03755723204919
"455","04","Bombonﾃ｡ No. 1",3.24610591900312
"456","04","Boston",20.820619746809
"457","04","Boyacﾃ｡",1.29501915708812
"458","04","Buenos Aires",6.91356467910903
"459","04","Cabecera San Antonio de Prado",29.7250686857592
"460","04","Cabecera Urbana San Cristobal",2.83332948243993
"461","04","Calasanz",1.43214285714286
"462","04","Calle Nueva",17.727712047298
"463","04","Campo Alegre",1.5546218487395
"464","04","Campo Amor",48.1183071873946
"465","04","Campo Valdﾃｩs No. 1",11.4312224112118
"466","04","Campo Valdﾃｩs No. 2",3.13572726660833
"467","04","Caribe",58.9715242976349
"468","04","Carlos E. Restrepo",36.1925368183418
"469","04","Castilla",34.8151118859289
"470","04","Castropol",5.46048508477042
"471","04","Centro Administrativo",1.35862068965517
"472","04","Cerro Nutibara",4.33652241015465
"473","04","Corazﾃｳn de Jesﾃｺs",27.8754836734599
"474","04","Cristo Rey",21.321499785791
"475","04","Cuarta Brigada",11.2475223220572
"476","04","Cucaracho",11.3519085161614
"477","04","Diego Echavarrﾃｭa",1.42
"478","04","Doce de Octubre No.1",1.33213644524237
"479","04","Doce de Octubre No.2",1.43214285714286
"480","04","El Chagualo",22.0174312212344
"481","04","El Danubio",1.29501915708812
"482","04","El Diamante",1.70780399274047
"483","04","El Estadio",8.87906237851525
"484","04","El Pinal",1.43214285714286
"485","04","El Poblado",9.22278388128563
"486","04","El Progreso",23.4313483625977
"487","04","El Rincﾃｳn",8.5515763143614
"488","04","El Salvador",1.43214285714286
"489","04","El Tesoro",5.48132097911083
"490","04","Enciso",2.74003118208448
"491","04","Estaciﾃｳn Villa",10.8251817957202
"492","04","Fﾃ｡tima",4.37451152706632
"493","04","Facultad de Minas U. Nacional",7.39107792125847
"494","04","Florida Nueva",4.1654659276823
"495","04","Francisco Antonio Zea",1.29501915708812
"496","04","Girardot",7.80741264254285
"497","04","Granada",1.33213644524237
"498","04","Guayabal",14.3908467680426
"499","04","Guayaquil",40.1870915673115
"500","04","Hﾃｩctor Abad Gﾃｳmez",4.58565633149812
"501","04","Jesﾃｺs Nazareno",20.97935460441
"502","04","Kennedy",7.16059173649448
"503","04","La Aguacatala",22.2712344800691
"504","04","La Alpujarra",9.02103870357783
"505","04","La Amﾃｩrica",4.7867743812966
"506","04","La Candelaria",43.0564131738002
"507","04","La Castellana",2.89797274417475
"508","04","La Colina",3.12773595830921
"509","04","La Esperanza",2.95413391702318
"510","04","La Floresta",1.33213644524237
"511","04","La Florida",4.63732057416268
"512","04","La Francia",1.29501915708812
"513","04","La Frontera",1.5546218487395
"514","04","La Gloria",2.76963644524237
"515","04","La Milagrosa",1.33213644524237
"516","04","La Pilarica",1.33213644524237
"517","04","La Pradera",1.37707948243993
"518","04","La Salle",1.42105263157895
"519","04","Lﾃｳpez de Mesa",5.91445422746652
"520","04","Las Acacias",11.625078183301
"521","04","Las Brisas",1.70780399274047
"522","04","Las Granjas",5.79339341464062
"523","04","Las Lomas No.1",1.33213644524237
"524","04","Las Palmas",3.09199307606674
"525","04","Las Playas",1.4375
"526","04","Laureles",10.3360481784482
"527","04","Loma de los Bernal",1.29501915708812
"528","04","Lorena",2.70291389393023
"529","04","Los ﾃ］geles",4.33096151578223
"530","04","Los Alcﾃ｡zares",1.29501915708812
"531","04","Los Balsos No.2",1.67159763313609
"532","04","Los Colores",18.3563863133692
"533","04","Los Conquistadores",35.5127263814816
"534","04","Los Naranjos",1.29501915708812
"535","04","Los Pinos",9.45425330207096
"536","04","Manila",15.5747712741723
"537","04","Manrique Central No. 1",2.7092159276823
"538","04","Manrique Oriental",5.46734094575519
"539","04","Miraflores",1.29501915708812
"540","04","Miranda",3.09043431442929
"541","04","Monteclaro",1.29501915708812
"542","04","Moravia",9.61472543057521
"543","04","Moscﾃｺ No. 2",1.37707948243993
"544","04","Naranjal",26.0281761360045
"545","04","Olaya Herrera",1.33213644524237
"546","04","Oleoducto",1.33213644524237
"547","04","Palenque",1.43214285714286
"548","04","Parque Juan Pablo II",4.80069146620119
"549","04","Patio Bonito",4.67381762485458
"550","04","Pedregal",6.78390840600454
"551","04","Perpetuo Socorro",37.6861266032473
"552","04","Picacho",4.15402127397228
"553","04","Popular",2.85214285714286
"554","04","Prado",16.1441177176054
"555","04","Robledo",8.71692583937403
"556","04","Rosales",12.1928558456078
"557","04","San Benito",23.774606492568
"558","04","San Bernardo",3.06610349443752
"559","04","San Diego",34.3337412956744
"560","04","San Germﾃ｡n",4.26795037433824
"561","04","San Isidro",6.16677742227228
"562","04","San Javier No.1",5.70610968992349
"563","04","San Javier No.2",1.33213644524237
"564","04","San Joaquﾃｭn",1.33213644524237
"565","04","San Martﾃｭn de Porres",4.2815906497255
"566","04","San Miguel",2.69075713489754
"567","04","San Pedro",7.07956759581296
"568","04","Santa Cruz",1.42105263157895
"569","04","Santa Fﾃｩ",43.1032589810845
"570","04","Santa Marﾃｭa de los ﾃ］geles",7.14091300919743
"571","04","Santa Margarita",1.37707948243993
"572","04","Santo Domingo Savio No. 1",2.72716201423098
"573","04","Sevilla",9.45303293009749
"574","04","Simﾃｳn Bolﾃｭvar",1.37707948243993
"575","04","Suramericana",13.0153277597726
"576","04","Tejelo",1.37707948243993
"577","04","Tenche",3.00455023834582
"578","04","Terminal de Transporte",16.8351405402876
"579","04","Toscana",2.7092159276823
"580","04","Tricentenario",11.5851546621042
"581","04","Trinidad",20.456402765766
"582","04","Universidad de Antioquia",2.96041281577326
"583","04","Universidad Nacional",17.164729438586
"584","04","Versalles No. 1",1.42
"585","04","Villa Carlota",22.2738544084849
"586","04","Villa del Socorro",1.37707948243993
"587","04","Villa Flora",1.67241379310345
"588","04","Villa Guadalupe",1.40789473684211
"589","04","Villa Nueva",31.790597576664
"590","04","Villatina",2.7092159276823
"591","05","",1.71746031746032
"592","05","ﾃ〉ea de Expansiﾃｳn Pajarito",1.50955414012739
"593","05","Alejandrﾃｭa",2.74003118208448
"594","05","Alejandro Echavarrﾃｭa",6.94408661733747
"595","05","Alfonso Lﾃｳpez",8.0385843812938
"596","05","Altamira",4.89215878331106
"597","05","Aures No. 2",1.33213644524237
"598","05","Barrio Caicedo",7.30326669843947
"599","05","Barrio Colﾃｳn",46.9175800107887
"600","05","Barrio Colombia",12.564492541507
"601","05","Belﾃｩn",28.2257035815122
"602","05","Bello Horizonte",1.29501915708812
"603","05","Berlin",5.0427552382141
"604","05","Bolivariana",5.78315834009557
"605","05","Bombonﾃ｡ No. 1",6.25357027196284
"606","05","Bosques de San Pablo",1.37707948243993
"607","05","Boston",28.1001183389382
"608","05","Boyacﾃ｡",1.35862068965517
"609","05","Brasilia",1.42105263157895
"610","05","Buenos Aires",3.03594235869411
"611","05","Cabecera San Antonio de Prado",24.5129995638387
"612","05","Calasanz",2.59003831417625
"613","05","Calasanz Parte Alta",1.33213644524237
"614","05","Calle Nueva",17.887500990456
"615","05","Campo Amor",44.0963639056236
"616","05","Campo Valdﾃｩs No. 1",4.73893342628093
"617","05","Campo Valdﾃｩs No. 2",1.65886287625418
"618","05","Caribe",58.2673098601684
"619","05","Carlos E. Restrepo",52.3307363423087
"620","05","Castilla",38.4663367300441
"621","05","Castropol",8.19938740760492
"622","05","Cerro Nutibara",5.53110865459381
"623","05","Corazﾃｳn de Jesﾃｺs",25.1577605221644
"624","05","Cristo Rey",14.2148146812484
"625","05","Cuarta Brigada",12.3300364944773
"626","05","Cucaracho",8.56441507797109
"627","05","El Castillo",1.42105263157895
"628","05","El Chagualo",18.8168073374294
"629","05","El Danubio",1.33213644524237
"630","05","El Diamante",4.42470569145268
"631","05","El Estadio",4.50920765341301
"632","05","El Nogal-Los Almendros",1.37707948243993
"633","05","El Pesebre",1.37707948243993
"634","05","El Pinal",2.80457329721551
"635","05","El Poblado",12.5245631039608
"636","05","El Progreso",22.0822537403595
"637","05","El Rincﾃｳn",5.86549804054167
"638","05","El Salvador",2.80922233958278
"639","05","El Tesoro",2.67209863952805
"640","05","El Velﾃｳdromo",4.14869702646035
"641","05","Enciso",1.44554455445545
"642","05","Estaciﾃｳn Villa",11.5228758995751
"643","05","Fﾃ｡tima",9.56728797931796
"644","05","Facultad de Minas U. Nacional",9.74096084823754
"645","05","Florida Nueva",4.00423508477042
"646","05","Francisco Antonio Zea",1.44578313253012
"647","05","Girardot",2.80922233958278
"648","05","Guayabal",26.6014219684438
"649","05","Guayaquil",34.6019765750181
"650","05","Hﾃｩctor Abad Gﾃｳmez",4.63926435638951
"651","05","Jesﾃｺs Nazareno",18.4136657516906
"652","05","Kennedy",11.3031339757397
"653","05","La Aguacatala",16.3744433076461
"654","05","La Alpujarra",7.97456133916909
"655","05","La Amﾃｩrica",9.45494295473594
"656","05","La Candelaria",56.7651547761761
"657","05","La Castellana",7.21517970981149
"658","05","La Colina",1.37707948243993
"659","05","La Floresta",1.4375
"660","05","La Florida",4.52981781915392
"661","05","La Gloria",8.11438250275474
"662","05","La Mansiﾃｳn",2.77791957777249
"663","05","La Milagrosa",1.33213644524237
"664","05","La Mota",1.5068306010929
"665","05","La Palma",2.93060677170634
"666","05","La Salle",2.67209863952805
"667","05","Lﾃｳpez de Mesa",5.96361192909899
"668","05","Las Acacias",13.4039503508259
"669","05","Las Brisas",6.41512166636235
"670","05","Las Granjas",13.4868071001485
"671","05","Las Lomas No.1",1.37707948243993
"672","05","Las Lomas No.2",1.37707948243993
"673","05","Las Mercedes",2.67209863952805
"674","05","Las Palmas",5.29925424185854
"675","05","Laureles",13.5266964958634
"676","05","Loreto",5.43109094575519
"677","05","Los ﾃ］geles",11.6753266663968
"678","05","Los Alcﾃ｡zares",2.77791957777249
"679","05","Los Balsos No.2",3.03994043798284
"680","05","Los Colores",18.8207091516186
"681","05","Los Conquistadores",41.1492298122352
"682","05","Los Naranjos",1.33213644524237
"683","05","Los Pinos",6.40946112270314
"684","05","Manila",18.5787979197193
"685","05","Manrique Central No. 1",9.71359931678958
"686","05","Manrique Central No. 2",4.19014204682949
"687","05","Manrique Oriental",8.82227257209278
"688","05","Miraflores",3.96711779661617
"689","05","Miranda",10.1659897548301
"690","05","Moravia",7.06430171571166
"691","05","Moscﾃｺ No. 2",1.45625
"692","05","Naranjal",39.138109965734
"693","05","Oleoducto",1.37707948243993
"694","05","Parque Juan Pablo II",1.43214285714286
"695","05","Patio Bonito",4.00423508477042
"696","05","Pedregal",1.40789473684211
"697","05","Perpetuo Socorro",45.2425517977135
"698","05","Picacho",3.49082007343941
"699","05","Prado",15.7339453811073
"700","05","Robledo",5.04766122035859
"701","05","Rosales",10.0845651262013
"702","05","San Benito",31.2470562976126
"703","05","San Bernardo",7.17168973888768
"704","05","San Diego",44.1759864055501
"705","05","San Germﾃ｡n",4.08629541012222
"706","05","San Isidro",10.218994353744
"707","05","San Javier No.1",7.17113438878413
"708","05","San Joaquﾃｭn",4.56784844054581
"709","05","San Martﾃｭn de Porres",4.33587052362083
"710","05","San Miguel",7.2825620854225
"711","05","San Pedro",7.67213533679389
"712","05","Santa Fﾃｩ",39.9223023042613
"713","05","Santa Mﾃｳnica",1.5546218487395
"714","05","Santa Marﾃｭa de los ﾃ］geles",4.92328398814694
"715","05","Santa Teresita",1.33213644524237
"716","05","Santander",1.29501915708812
"717","05","Sevilla",12.9552104328791
"718","05","Sucre",5.09240858505564
"719","05","Suramericana",15.6448167787283
"720","05","Tenche",5.88496008247048
"721","05","Terminal de Transporte",36.3712264614513
"722","05","Toscana",6.84432892356461
"723","05","Tricentenario",5.62177858439201
"724","05","Trinidad",2.66427289048474
"725","05","Universidad de Antioquia",5.90746695590065
"726","05","Universidad Nacional",19.4348141140425
"727","05","Versalles No. 1",1.40789473684211
"728","05","Villa Carlota",29.4311466661667
"729","05","Villa del Socorro",1.43214285714286
"730","05","Villa Flora",2.85214285714286
"731","05","Villa Hermosa",2.7092159276823
"732","05","Villa Nueva",36.411840453095
"733","05","Villatina",1.43214285714286
"734","06","Alejandrﾃｭa",4.04917812196797
"735","06","Alejandro Echavarrﾃｭa",4.64155725984661
"736","06","Alfonso Lﾃｳpez",3.17433347147396
"737","06","Altamira",4.66013185349454
"738","06","Altavista",1.29501915708812
"739","06","Aranjuez",1.29501915708812
"740","06","Asomadera No. 1",1.52686567164179
"741","06","Asomadera No. 2",1.43214285714286
"742","06","Aures No. 2",2.72716201423098
"743","06","Aures No.1",4.33980494407804
"744","06","Barrio Caicedo",4.15499906021242
"745","06","Barrio Colﾃｳn",47.1622454825619
"746","06","Barrio Colombia",3.02845562922892
"747","06","Belﾃｩn",18.160194741514
"748","06","Belalcﾃ｡zar",3.00040498126962
"749","06","Bello Horizonte",1.43214285714286
"750","06","Berlin",3.4747880410531
"751","06","Bolivariana",1.35862068965517
"752","06","Bombonﾃ｡ No. 1",10.8007653913417
"753","06","Boston",17.0164530363748
"754","06","Boyacﾃ｡",1.58333333333333
"755","06","Brasilia",1.7037037037037
"756","06","Buenos Aires",5.97081614916624
"757","06","Cﾃｳrdoba",1.37707948243993
"758","06","Cabecera San Antonio de Prado",25.3189744344753
"759","06","Cabecera Urbana San Cristobal",2.80922233958278
"760","06","Calasanz",3.06157879656887
"761","06","Calasanz Parte Alta",1.37707948243993
"762","06","Calle Nueva",14.87581340568
"763","06","Campo Alegre",1.50367107195301
"764","06","Campo Amor",44.3768419715251
"765","06","Campo Valdﾃｩs No. 1",5.80992625795257
"766","06","Campo Valdﾃｩs No. 2",4.42502391870309
"767","06","Caribe",54.5134529763923
"768","06","Carlos E. Restrepo",40.4161934437716
"769","06","Castilla",34.9926419982831
"770","06","Castropol",6.10042105321852
"771","06","Cerro Nutibara",6.9385460079491
"772","06","Corazﾃｳn de Jesﾃｺs",22.1771491662003
"773","06","Cristo Rey",22.8286935837814
"774","06","Cuarta Brigada",8.87498639811001
"775","06","Cucaracho",3.0048038137147
"776","06","Diego Echavarrﾃｭa",1.29501915708812
"777","06","Doce de Octubre No.1",1.29501915708812
"778","06","El Chagualo",16.1175028232262
"779","06","El Diamante",1.33213644524237
"780","06","El Estadio",4.27338973411062
"781","06","El Nogal-Los Almendros",1.33213644524237
"782","06","El Pinal",1.33213644524237
"783","06","El Poblado",12.5946801152611
"784","06","El Progreso",22.731405056291
"785","06","El Rincﾃｳn",8.60459720622526
"786","06","El Salvador",2.75213644524237
"787","06","El Tesoro",7.11950570107799
"788","06","El Velﾃｳdromo",4.46172199008994
"789","06","Enciso",1.45625
"790","06","Estaciﾃｳn Villa",5.8700391063068
"791","06","Fﾃ｡tima",8.95567289512437
"792","06","Facultad de Minas U. Nacional",7.9104946652017
"793","06","Florida Nueva",6.86307892356461
"794","06","Francisco Antonio Zea",2.75415896487985
"795","06","Girardot",5.80794520037461
"796","06","Granada",4.31589399727513
"797","06","Guayabal",20.8845317337552
"798","06","Guayaquil",34.1342659550197
"799","06","Hﾃｩctor Abad Gﾃｳmez",4.26082329721551
"800","06","Jesﾃｺs Nazareno",14.6929304482642
"801","06","Kennedy",5.95197524781363
"802","06","La Aguacatala",13.8368393413933
"803","06","La Alpujarra",14.6631344280962
"804","06","La Amﾃｩrica",4.093151271107
"805","06","La Candelaria",58.015810152222
"806","06","La Castellana",2.76427930238523
"807","06","La Colina",2.87445840942457
"808","06","La Esperanza",4.24824297876388
"809","06","La Florida",4.37748446370954
"810","06","La Gloria",8.57379052932586
"811","06","La Milagrosa",1.37707948243993
"812","06","La Palma",1.42
"813","06","La Pilarica",4.21877006780968
"814","06","La Pradera",1.37707948243993
"815","06","La Salle",1.29501915708812
"816","06","Lﾃｳpez de Mesa",2.77768099969782
"817","06","Las Acacias",13.9221104779523
"818","06","Las Brisas",10.6119265128294
"819","06","Las Estancias",1.37707948243993
"820","06","Las Granjas",4.54070723048262
"821","06","Las Independencias",1.29501915708812
"822","06","Las Lomas No.1",2.80922233958278
"823","06","Las Lomas No.2",2.62715560233049
"824","06","Laureles",13.6307072089236
"825","06","Lorena",6.04514885778542
"826","06","Loreto",2.84242601709339
"827","06","Los ﾃ］geles",10.1064694337899
"828","06","Los Balsos No.2",5.68008842034178
"829","06","Los Colores",27.7407525320264
"830","06","Los Conquistadores",42.7807017511301
"831","06","Los Pinos",3.22469917518657
"832","06","Manila",16.0946510724039
"833","06","Manrique Central No. 1",7.31090763570269
"834","06","Manrique Oriental",1.33213644524237
"835","06","Miraflores",4.19873363127676
"836","06","Miranda",9.27977062920921
"837","06","Moravia",9.8878391884493
"838","06","Moscﾃｺ No. 2",1.35862068965517
"839","06","Naranjal",30.8288851907954
"840","06","Nueva Villa de la Iguanﾃ｡",1.37707948243993
"841","06","Palenque",1.33213644524237
"842","06","Parque Juan Pablo II",5.7156753625966
"843","06","Patio Bonito",5.81750291110582
"844","06","Pedregal",7.15994113976269
"845","06","Perpetuo Socorro",48.5252007429371
"846","06","Picacho",2.79707948243993
"847","06","Prado",17.8688417691086
"848","06","Robledo",4.39677635344305
"849","06","Rosales",10.4203972976661
"850","06","San Benito",26.7867880212896
"851","06","San Bernardo",3.55638982726751
"852","06","San Diego",35.1468537558753
"853","06","San Germﾃ｡n",1.42105263157895
"854","06","San Isidro",2.71501915708812
"855","06","San Joaquﾃｭn",7.52820554125426
"856","06","San Martﾃｭn de Porres",1.43214285714286
"857","06","San Miguel",1.29501915708812
"858","06","San Pablo",1.42105263157895
"859","06","San Pedro",4.38795133117942
"860","06","Santa Fﾃｩ",40.0698408724827
"861","06","Santa Inﾃｩs",2.67209863952805
"862","06","Santa Marﾃｭa de los ﾃ］geles",11.4667312337449
"863","06","Santa Teresita",2.62715560233049
"864","06","Santander",2.71501915708812
"865","06","Sevilla",3.22701445758771
"866","06","Suramericana",12.444527943353
"867","06","Tejelo",4.19735417592897
"868","06","Tenche",4.19628118208448
"869","06","Terminal de Transporte",34.6522794831396
"870","06","Toscana",9.58628878649238
"871","06","Tricentenario",4.52558675909788
"872","06","Trinidad",2.86414473684211
"873","06","Universidad de Antioquia",7.48975797390195
"874","06","Universidad Nacional",19.8445731614065
"875","06","Villa Carlota",24.0790648063944
"876","06","Villa Flora",7.122948523023
"877","06","Villa Hermosa",1.65121412803532
"878","06","Villa Nueva",31.7418694151991
"879","06","Villatina",1.42105263157895
"880","07","ﾃ〉ea de Expansiﾃｳn Pajarito",4.7229980525646
"881","07","Alejandrﾃｭa",3.10060935164631
"882","07","Alejandro Echavarrﾃｭa",5.82756830642273
"883","07","Alfonso Lﾃｳpez",5.71915944669729
"884","07","Altamira",2.82789473684211
"885","07","Aranjuez",1.29501915708812
"886","07","Aures No. 2",8.1409448272283
"887","07","Barrio Caicedo",3.10575980392157
"888","07","Barrio Colﾃｳn",37.6886427549458
"889","07","Barrio Colombia",5.8398018673065
"890","07","Belﾃｩn",30.4393850149218
"891","07","Belencito",1.29501915708812
"892","07","Berlin",4.77885545785655
"893","07","Bolivariana",1.35862068965517
"894","07","Bombonﾃ｡ No. 1",7.37929193558618
"895","07","Boston",17.5960453619997
"896","07","Brasilia",1.29501915708812
"897","07","Buenos Aires",6.23040769501706
"898","07","Cﾃｳrdoba",2.82286261497005
"899","07","Cabecera San Antonio de Prado",25.4561768838033
"900","07","Calasanz",1.68075117370892
"901","07","Calasanz Parte Alta",1.4375
"902","07","Calle Nueva",7.90088539604574
"903","07","Campo Amor",57.8139718471497
"904","07","Campo Valdﾃｩs No. 1",10.3067876460726
"905","07","Campo Valdﾃｩs No. 2",5.39926065375903
"906","07","Caribe",45.2292312107878
"907","07","Carlos E. Restrepo",32.1279304024012
"908","07","Castilla",22.3370098390176
"909","07","Castropol",7.30378732764789
"910","07","Centro Administrativo",1.33213644524237
"911","07","Cerro Nutibara",2.81478200293793
"912","07","Corazﾃｳn de Jesﾃｺs",17.3588250203543
"913","07","Cristo Rey",18.2512208291862
"914","07","Cuarta Brigada",8.90635566237594
"915","07","Cucaracho",1.52686567164179
"916","07","Doce de Octubre No.1",1.33213644524237
"917","07","Doce de Octubre No.2",4.31854202337527
"918","07","El Chagualo",19.3234200274642
"919","07","El Danubio",1.33213644524237
"920","07","El Diamante",8.37631051878993
"921","07","El Estadio",7.12599630128907
"922","07","El Poblado",11.3526259025903
"923","07","El Progreso",16.6332841058222
"924","07","El Rincﾃｳn",4.83956869633099
"925","07","El Tesoro",4.51410437847321
"926","07","El Velﾃｳdromo",2.67209863952805
"927","07","Estaciﾃｳn Villa",10.8642299771086
"928","07","Fﾃ｡tima",7.7815906497255
"929","07","Facultad de Minas U. Nacional",4.08578270388615
"930","07","Florida Nueva",4.3338102516707
"931","07","Francisco Antonio Zea",4.30478524941428
"932","07","Girardot",5.72908091699609
"933","07","Guayabal",24.9132259794208
"934","07","Guayaquil",28.6810555552187
"935","07","Hﾃｩctor Abad Gﾃｳmez",5.75032980386973
"936","07","Jesﾃｺs Nazareno",19.4430371440997
"937","07","Kennedy",7.13213660233544
"938","07","La Aguacatala",15.6831878114558
"939","07","La Alpujarra",12.6881611700405
"940","07","La Amﾃｩrica",12.1268055419638
"941","07","La Candelaria",51.7353154641486
"942","07","La Castellana",6.37669102280947
"943","07","La Colina",1.33213644524237
"944","07","La Esperanza",1.37707948243993
"945","07","La Floresta",2.75213644524237
"946","07","La Florida",5.79274428051758
"947","07","La Gloria",9.0437250146927
"948","07","La Libertad",1.29501915708812
"949","07","La Mansiﾃｳn",1.40789473684211
"950","07","La Milagrosa",2.85136721447314
"951","07","La Palma",2.72716201423098
"952","07","La Pilarica",1.35862068965517
"953","07","La Pradera",1.33213644524237
"954","07","La Salle",2.67209863952805
"955","07","Lﾃｳpez de Mesa",5.88586531482833
"956","07","Las Acacias",18.3182702912473
"957","07","Las Granjas",4.412919631386
"958","07","Las Lomas No.1",3.16841701638157
"959","07","Las Palmas",1.43214285714286
"960","07","Laureles",6.21687874337849
"961","07","Loma de los Bernal",1.37707948243993
"962","07","Lorena",6.24017525101178
"963","07","Los ﾃ］geles",3.1237037037037
"964","07","Los Alcﾃ｡zares",1.37707948243993
"965","07","Los Alpes",1.29501915708812
"966","07","Los Balsos No.2",1.33213644524237
"967","07","Los Colores",28.0499031219084
"968","07","Los Conquistadores",38.6311554297533
"969","07","Los Naranjos",1.35862068965517
"970","07","Los Pinos",9.70173010620382
"971","07","Manila",13.9415076866312
"972","07","Manrique Central No. 1",6.95146163164381
"973","07","Manrique Oriental",8.55353649865429
"974","07","Miraflores",1.5197628458498
"975","07","Miranda",7.55250527039983
"976","07","Moravia",4.67886931054554
"977","07","Naranjal",37.1523581868429
"978","07","Nueva Villa de la Iguanﾃ｡",2.71607178866707
"979","07","Palenque",1.33213644524237
"980","07","Palermo",1.29501915708812
"981","07","Parque Juan Pablo II",2.79813211401887
"982","07","Patio Bonito",2.62715560233049
"983","07","Pedregal",5.71174812030075
"984","07","Perpetuo Socorro",42.5763131040718
"985","07","Picacho",4.51997637263726
"986","07","Prado",24.4166360109759
"987","07","Robledo",15.0803173083651
"988","07","Rosales",11.9252884855432
"989","07","San Benito",30.614014737005
"990","07","San Bernardo",5.10753642359196
"991","07","San Diego",30.2298904480146
"992","07","San Isidro",4.19865828364014
"993","07","San Javier No.1",4.26347864867234
"994","07","San Joaquﾃｭn",1.37707948243993
"995","07","San Miguel",2.95331061437455
"996","07","San Pedro",4.64451918113245
"997","07","Santa Cruz",1.37707948243993
"998","07","Santa Fﾃｩ",49.2443140614523
"999","07","Santa Inﾃｩs",1.29501915708812
"1000","07","Santa Mﾃｳnica",1.7037037037037
"1001","07","Santa Marﾃｭa de los ﾃ］geles",1.33213644524237
"1002","07","Santander",2.88663362256731
"1003","07","Santo Domingo Savio No. 1",2.74003118208448
"1004","07","Sevilla",10.7141275204663
"1005","07","Simﾃｳn Bolﾃｭvar",1.33213644524237
"1006","07","Sucre",2.79748297989584
"1007","07","Suramericana",13.6649454664775
"1008","07","Tejelo",4.08427289048474
"1009","07","Tenche",10.6499690933414
"1010","07","Terminal de Transporte",27.5772705133068
"1011","07","Toscana",4.08532552206369
"1012","07","Tricentenario",4.42258218229821
"1013","07","Trinidad",5.51213623351301
"1014","07","Universidad de Antioquia",4.27019638723399
"1015","07","Universidad Nacional",6.97676385902103
"1016","07","Veinte de Julio",1.42105263157895
"1017","07","Villa Carlota",28.7759799841152
"1018","07","Villa del Socorro",1.37707948243993
"1019","07","Villa Flora",7.61562753976547
"1020","07","Villa Guadalupe",1.33213644524237
"1021","07","Villa Nueva",44.3868845997441
"1022","07","Villatina",3.96711779661617
"1023","08","ﾃ〉ea de Expansiﾃｳn Pajarito",4.21711707642489
"1024","08","Alejandro Echavarrﾃｭa",3.96711779661617
"1025","08","Alfonso Lﾃｳpez",4.67085769980507
"1026","08","Altamira",4.43195527035242
"1027","08","Aranjuez",1.37707948243993
"1028","08","Asomadera No. 1",1.29501915708812
"1029","08","Asomadera No. 2",4.13123844731978
"1030","08","Aures No.1",2.7092159276823
"1031","08","Barrio Caicedo",4.27018476392996
"1032","08","Barrio Colﾃｳn",40.598424959977
"1033","08","Barrio Colombia",6.2257398044079
"1034","08","Belﾃｩn",29.6299468643805
"1035","08","Belalcﾃ｡zar",5.41554204757286
"1036","08","Berlin",5.43543305101835
"1037","08","Bolivariana",4.62080058368985
"1038","08","Bombonﾃ｡ No. 1",4.84087028290747
"1039","08","Bombonﾃ｡ No. 2",2.75126915708812
"1040","08","Boston",25.2534210732266
"1041","08","Boyacﾃ｡",1.29501915708812
"1042","08","Brasilia",1.29501915708812
"1043","08","Buenos Aires",3.21304244281765
"1044","08","Cﾃｳrdoba",1.4375
"1045","08","Cabecera San Antonio de Prado",30.6107847078958
"1046","08","Cabecera Urbana San Cristobal",1.56583629893238
"1047","08","Calasanz",5.42327629198567
"1048","08","Calasanz Parte Alta",1.33213644524237
"1049","08","Calle Nueva",9.03952831785099
"1050","08","Campo Amor",49.3319086197467
"1051","08","Campo Valdﾃｩs No. 1",4.5307182560048
"1052","08","Campo Valdﾃｩs No. 2",6.084882207054
"1053","08","Caribe",59.255058689338
"1054","08","Carlos E. Restrepo",41.7901893438991
"1055","08","Castilla",26.1201212264792
"1056","08","Castropol",6.89250730024778
"1057","08","Cerro Nutibara",5.74293347953338
"1058","08","Corazﾃｳn de Jesﾃｺs",21.8979025764972
"1059","08","Cristo Rey",19.5160710793992
"1060","08","Cuarta Brigada",11.2565395543162
"1061","08","Cucaracho",8.72590211010963
"1062","08","Doce de Octubre No.2",1.29501915708812
"1063","08","El Chagualo",14.656224720684
"1064","08","El Danubio",1.50955414012739
"1065","08","El Diamante",4.49253724449212
"1066","08","El Estadio",7.35098453638336
"1067","08","El Nogal-Los Almendros",1.29501915708812
"1068","08","El Pinal",4.00423508477042
"1069","08","El Poblado",8.94455141346169
"1070","08","El Progreso",24.1521345795817
"1071","08","El Raizal",1.33213644524237
"1072","08","El Rincﾃｳn",7.38744910210813
"1073","08","El Tesoro",1.29501915708812
"1074","08","El Velﾃｳdromo",2.80457329721551
"1075","08","Enciso",1.5068306010929
"1076","08","Estaciﾃｳn Villa",10.3383367815402
"1077","08","Fﾃ｡tima",5.98192277002869
"1078","08","Facultad de Minas U. Nacional",9.17218207775326
"1079","08","Florida Nueva",2.95533727265751
"1080","08","Francisco Antonio Zea",1.43214285714286
"1081","08","Girardot",2.85900211688416
"1082","08","Granizal",1.37707948243993
"1083","08","Guayabal",25.2842337171271
"1084","08","Guayaquil",39.3395259252705
"1085","08","Hﾃｩctor Abad Gﾃｳmez",5.48570823390944
"1086","08","Jesﾃｺs Nazareno",29.5537459338597
"1087","08","Kennedy",3.11099676565716
"1088","08","La Aguacatala",21.6134356261983
"1089","08","La Alpujarra",12.3055689778591
"1090","08","La Amﾃｩrica",4.44761408211901
"1091","08","La Candelaria",60.2921919258477
"1092","08","La Castellana",4.12311959962048
"1093","08","La Colina",1.57943925233645
"1094","08","La Esperanza",3.12160875246385
"1095","08","La Florida",5.75561340127128
"1096","08","La Frontera",1.29501915708812
"1097","08","La Gloria",4.31589399727513
"1098","08","La Isla",1.37707948243993
"1099","08","La Mansiﾃｳn",1.42
"1100","08","La Pilarica",4.35898410780006
"1101","08","La Salle",1.37707948243993
"1102","08","Lﾃｳpez de Mesa",6.04474186224183
"1103","08","Lalinde",1.33213644524237
"1104","08","Las Acacias",11.9267050700647
"1105","08","Las Brisas",6.34945833607108
"1106","08","Las Estancias",1.37707948243993
"1107","08","Las Granjas",1.50367107195301
"1108","08","Las Lomas No.1",1.29501915708812
"1109","08","Las Mercedes",1.53308128544423
"1110","08","Laureles",12.7695288977058
"1111","08","Loma de los Bernal",2.9154697785757
"1112","08","Lorena",2.82286261497005
"1113","08","Loreto",1.29501915708812
"1114","08","Los ﾃ］geles",6.67714245481449
"1115","08","Los Balsos No.2",10.3659289518024
"1116","08","Los Colores",27.2243809453547
"1117","08","Los Conquistadores",54.4558089227274
"1118","08","Los Mangos",6.78285577442559
"1119","08","Los Pinos",6.6973082571415
"1120","08","Manila",18.3797217453163
"1121","08","Manrique Central No. 1",15.2317983344964
"1122","08","Manrique Central No. 2",1.65829145728643
"1123","08","Manrique Oriental",6.01509940820533
"1124","08","Miranda",7.43957705240955
"1125","08","Moravia",13.3861006354006
"1126","08","Naranjal",31.7230520664234
"1127","08","Nueva Villa de la Iguanﾃ｡",1.40789473684211
"1128","08","Olaya Herrera",1.37707948243993
"1129","08","Oleoducto",2.79707948243993
"1130","08","Parque Juan Pablo II",4.15499906021242
"1131","08","Patio Bonito",8.48528937400122
"1132","08","Pedregal",10.2022049411455
"1133","08","Perpetuo Socorro",51.9143142102275
"1134","08","Picacho",4.21040896487985
"1135","08","Prado",25.1651946433482
"1136","08","Robledo",10.6619120729375
"1137","08","Rosales",7.77747894004462
"1138","08","San Benito",48.9753807802176
"1139","08","San Bernardo",2.86964285714286
"1140","08","San Diego",35.0916415633353
"1141","08","San Germﾃ｡n",1.37707948243993
"1142","08","San Isidro",10.6638109898743
"1143","08","San Javier No.1",1.50367107195301
"1144","08","San Miguel",4.89639681078016
"1145","08","San Pedro",6.70835565555913
"1146","08","Santa Fﾃｩ",43.6019431989369
"1147","08","Santa Inﾃｩs",2.76427930238523
"1148","08","Santa Marﾃｭa de los ﾃ］geles",8.17963690880152
"1149","08","Santo Domingo Savio No. 1",1.43214285714286
"1150","08","Santo Domingo Savio No. 2",1.37707948243993
"1151","08","Sevilla",11.869047885961
"1152","08","Sucre",3.09453979990024
"1153","08","Suramericana",21.3450089598518
"1154","08","Tejelo",5.64818938591805
"1155","08","Tenche",6.37694324159278
"1156","08","Terminal de Transporte",31.4056151718138
"1157","08","Toscana",5.54709863952805
"1158","08","Tricentenario",7.29315747954287
"1159","08","Trinidad",5.84010760280472
"1160","08","Universidad de Antioquia",8.95726187077168
"1161","08","Universidad Nacional",24.2174713901091
"1162","08","Versalles No. 1",1.43214285714286
"1163","08","Villa Carlota",16.7976845514997
"1164","08","Villa del Socorro",1.57943925233645
"1165","08","Villa Flora",2.76963644524237
"1166","08","Villa Hermosa",2.7092159276823
"1167","08","Villa Nueva",34.8735185288997
"1168","08","Villatina",5.56994843856406
"1169","09","Alejandrﾃｭa",3.01910828025478
"1170","09","Alejandro Echavarrﾃｭa",2.88663362256731
"1171","09","Alfonso Lﾃｳpez",10.599750632043
"1172","09","Altamira",4.53332128567875
"1173","09","Altavista",1.50955414012739
"1174","09","Asomadera No. 1",2.7092159276823
"1175","09","Asomadera No. 2",1.37707948243993
"1176","09","Aures No. 2",1.42
"1177","09","Barrio Caicedo",2.90394515408172
"1178","09","Barrio Colﾃｳn",52.7924843307305
"1179","09","Barrio Colombia",15.1332018401182
"1180","09","Barrio de Jesﾃｺs",1.33213644524237
"1181","09","Belﾃｩn",34.103637212812
"1182","09","Belalcﾃ｡zar",2.91320097526994
"1183","09","Berlin",1.29501915708812
"1184","09","Bermejal-Los Alamos",1.37707948243993
"1185","09","Bolivariana",9.85119014333024
"1186","09","Bombonﾃ｡ No. 1",9.71596870453843
"1187","09","Bosques de San Pablo",1.42105263157895
"1188","09","Boston",20.6496200869247
"1189","09","Boyacﾃ｡",1.40789473684211
"1190","09","Brasilia",2.80922233958278
"1191","09","Buenos Aires",8.61291353015406
"1192","09","Cﾃｳrdoba",1.33213644524237
"1193","09","Cabecera San Antonio de Prado",24.110033320702
"1194","09","Cabecera Urbana San Cristobal",1.45625
"1195","09","Calasanz",5.89618741976893
"1196","09","Calle Nueva",25.7591983306128
"1197","09","Campo Amor",48.6944564629457
"1198","09","Campo Valdﾃｩs No. 1",15.1084254037248
"1199","09","Campo Valdﾃｩs No. 2",5.79650667746941
"1200","09","Caribe",48.5194695502564
"1201","09","Carlos E. Restrepo",28.743605279315
"1202","09","Castilla",29.7914396423088
"1203","09","Castropol",4.68874425368233
"1204","09","Cerro Nutibara",2.62715560233049
"1205","09","Corazﾃｳn de Jesﾃｺs",23.290049457994
"1206","09","Cristo Rey",15.1503134721437
"1207","09","Cuarta Brigada",9.1937796554522
"1208","09","Cucaracho",7.22252314360384
"1209","09","Diego Echavarrﾃｭa",1.37707948243993
"1210","09","Doce de Octubre No.2",4.42889880417191
"1211","09","El Castillo",1.33213644524237
"1212","09","El Chagualo",24.7718547808187
"1213","09","El Danubio",2.74080228961824
"1214","09","El Diamante",2.78497421928203
"1215","09","El Estadio",9.90271016318772
"1216","09","El Nogal-Los Almendros",1.29501915708812
"1217","09","El Poblado",13.5166302239124
"1218","09","El Pomar",2.81457948243993
"1219","09","El Progreso",21.0047102271851
"1220","09","El Raizal",1.33213644524237
"1221","09","El Rincﾃｳn",4.2640367636946
"1222","09","El Tesoro",3.08078318614363
"1223","09","El Velﾃｳdromo",2.91787994891443
"1224","09","Enciso",1.52686567164179
"1225","09","Estaciﾃｳn Villa",8.79150632099516
"1226","09","Fﾃ｡tima",5.8363111603636
"1227","09","Facultad de Minas U. Nacional",9.68499151329497
"1228","09","Florencia",1.37707948243993
"1229","09","Florida Nueva",7.50448096027244
"1230","09","Francisco Antonio Zea",1.37707948243993
"1231","09","Girardot",2.81457948243993
"1232","09","Granada",2.66427289048474
"1233","09","Guayabal",26.2278766969933
"1234","09","Guayaquil",34.9123979617992
"1235","09","Hﾃｩctor Abad Gﾃｳmez",6.04090485294734
"1236","09","Jesﾃｺs Nazareno",17.044539264395
"1237","09","Kennedy",5.73893933612579
"1238","09","La Aguacatala",21.8817151043248
"1239","09","La Alpujarra",24.7663946974598
"1240","09","La Amﾃｩrica",9.27179204757286
"1241","09","La Candelaria",52.5288756300289
"1242","09","La Castellana",4.42037421139054
"1243","09","La Colina",1.33213644524237
"1244","09","La Esperanza",2.76963644524237
"1245","09","La Floresta",1.50955414012739
"1246","09","La Florida",10.1232025427937
"1247","09","La Gloria",7.45701186290444
"1248","09","La Hondonada",1.29501915708812
"1249","09","La Milagrosa",1.37707948243993
"1250","09","La Piﾃｱuela",1.37707948243993
"1251","09","La Pradera",1.70756302521008
"1252","09","La Salle",1.43214285714286
"1253","09","Lﾃｳpez de Mesa",4.18658542214836
"1254","09","Las Acacias",11.7653817837385
"1255","09","Las Brisas",9.08241296160292
"1256","09","Las Estancias",1.40789473684211
"1257","09","Las Granjas",4.50118668359954
"1258","09","Las Lomas No.1",2.73251915708812
"1259","09","Las Lomas No.2",1.42105263157895
"1260","09","Las Palmas",4.69073433221783
"1261","09","Las Playas",1.67159763313609
"1262","09","Laureles",16.7427950646091
"1263","09","Lorena",6.13379911351514
"1264","09","Loreto",1.59808612440191
"1265","09","Los ﾃ］geles",7.30978234386458
"1266","09","Los Alcﾃ｡zares",2.62715560233049
"1267","09","Los Alpes",4.08629541012222
"1268","09","Los Balsos No.1",2.87730263157895
"1269","09","Los Balsos No.2",2.96580414012739
"1270","09","Los Colores",30.809146006145
"1271","09","Los Conquistadores",33.9365147003113
"1272","09","Los Naranjos",2.75415896487985
"1273","09","Los Pinos",8.92531368235705
"1274","09","Manila",29.8444011058097
"1275","09","Manrique Central No. 1",6.0573238012618
"1276","09","Manrique Central No. 2",1.37707948243993
"1277","09","Manrique Oriental",7.58289993276809
"1278","09","Miraflores",1.37707948243993
"1279","09","Miranda",6.47725742514572
"1280","09","Moravia",9.46448112681895
"1281","09","Naranjal",31.352952057873
"1282","09","Palermo",1.50955414012739
"1283","09","Parque Juan Pablo II",5.48378831417625
"1284","09","Patio Bonito",8.75977610175373
"1285","09","Pedregal",4.63395351861207
"1286","09","Perpetuo Socorro",56.2604528964023
"1287","09","Picacho",1.51923076923077
"1288","09","Popular",2.67209863952805
"1289","09","Prado",15.4703117287573
"1290","09","Robledo",15.9986959916912
"1291","09","Rosales",16.2270105900123
"1292","09","San Benito",35.0992081237241
"1293","09","San Bernardo",13.0637260047518
"1294","09","San Diego",34.2208887235744
"1295","09","San Germﾃ｡n",6.88286218632608
"1296","09","San Isidro",11.8052227475768
"1297","09","San Javier No.1",3.2518530454399
"1298","09","San Javier No.2",1.29501915708812
"1299","09","San Joaquﾃｭn",1.71746031746032
"1300","09","San Martﾃｭn de Porres",4.06465560233049
"1301","09","San Miguel",4.37990263226852
"1302","09","San Pedro",4.37137089500314
"1303","09","Santa Cruz",1.29501915708812
"1304","09","Santa Fﾃｩ",47.4487882721319
"1305","09","Santa Inﾃｩs",1.43214285714286
"1306","09","Santa Mﾃｳnica",2.66427289048474
"1307","09","Santander",2.76963644524237
"1308","09","Santo Domingo Savio No. 1",1.43214285714286
"1309","09","Sevilla",12.6069885913509
"1310","09","Simﾃｳn Bolﾃｭvar",1.37707948243993
"1311","09","Sucre",2.81487068965517
"1312","09","Suramericana",12.3968462935122
"1313","09","Tejelo",1.42
"1314","09","Tenche",4.25783003683286
"1315","09","Terminal de Transporte",32.1718530688929
"1316","09","Toscana",5.64427577527441
"1317","09","Tricentenario",5.39444213636154
"1318","09","Trinidad",7.57690899920053
"1319","09","Universidad de Antioquia",4.07999337637015
"1320","09","Universidad Nacional",16.6304903341087
"1321","09","Villa Carlota",24.8612345510057
"1322","09","Villa del Socorro",1.29501915708812
"1323","09","Villa Flora",7.12464832925576
"1324","09","Villa Nueva",34.8077625938963
"1325","09","Villatina",2.75213644524237
"1326","10","Alejandrﾃｭa",1.33213644524237
"1327","10","Alejandro Echavarrﾃｭa",3.17707082833133
"1328","10","Alfonso Lﾃｳpez",7.79273153477493
"1329","10","Altamira",1.33213644524237
"1330","10","Asomadera No. 1",4.41666281577326
"1331","10","Aures No. 2",2.914725337935
"1332","10","Barrio Caicedo",1.37707948243993
"1333","10","Barrio Colﾃｳn",45.2290584327785
"1334","10","Barrio Colombia",14.5618641181089
"1335","10","Belﾃｩn",18.7688289598769
"1336","10","Belalcﾃ｡zar",2.95031826342419
"1337","10","Berlin",4.13670974245788
"1338","10","Bolivariana",12.876846843616
"1339","10","Bombonﾃ｡ No. 1",10.3580606292589
"1340","10","Boston",18.929015871272
"1341","10","Boyacﾃ｡",2.79076354679803
"1342","10","Brasilia",2.91016076788416
"1343","10","Buenos Aires",3.33025297233231
"1344","10","Cﾃｳrdoba",1.29501915708812
"1345","10","Cabecera San Antonio de Prado",19.6199428615046
"1346","10","Cabecera Urbana San Cristobal",3.06618619412854
"1347","10","Calasanz",2.90203313253012
"1348","10","Calasanz Parte Alta",1.29501915708812
"1349","10","Calle Nueva",14.4523903646314
"1350","10","Campo Alegre",1.29501915708812
"1351","10","Campo Amor",39.5729917526449
"1352","10","Campo Valdﾃｩs No. 1",5.94310655063831
"1353","10","Campo Valdﾃｩs No. 2",2.75415896487985
"1354","10","Caribe",50.1644708492139
"1355","10","Carlos E. Restrepo",32.3046202684536
"1356","10","Castilla",31.8700826583965
"1357","10","Castropol",1.91162790697674
"1358","10","Cerro Nutibara",1.86521739130435
"1359","10","Corazﾃｳn de Jesﾃｺs",28.9256405197273
"1360","10","Cristo Rey",25.4764535429205
"1361","10","Cuarta Brigada",7.20084853627776
"1362","10","Cucaracho",1.37707948243993
"1363","10","Diego Echavarrﾃｭa",1.33213644524237
"1364","10","Doce de Octubre No.1",3.20910493827161
"1365","10","Doce de Octubre No.2",5.50966762732685
"1366","10","El Castillo",1.61818181818182
"1367","10","El Chagualo",8.91734513620572
"1368","10","El Diamante",10.1835916016393
"1369","10","El Diamante No. 2",1.33213644524237
"1370","10","El Estadio",9.37720826356197
"1371","10","El Poblado",9.33902847227449
"1372","10","El Pomar",1.29501915708812
"1373","10","El Progreso",24.6163968417357
"1374","10","El Raizal",1.33213644524237
"1375","10","El Rincﾃｳn",1.40789473684211
"1376","10","El Velﾃｳdromo",2.76427930238523
"1377","10","Enciso",1.68965517241379
"1378","10","Estaciﾃｳn Villa",9.03871523111096
"1379","10","Fﾃ｡tima",8.15328711863055
"1380","10","Facultad de Minas U. Nacional",11.9010840449085
"1381","10","Florencia",1.37707948243993
"1382","10","Florida Nueva",7.21585193910417
"1383","10","Francisco Antonio Zea",2.88675829398187
"1384","10","Gerona",1.43214285714286
"1385","10","Girardot",1.65065502183406
"1386","10","Granada",1.65121412803532
"1387","10","Granizal",1.33213644524237
"1388","10","Guayabal",33.7176880908716
"1389","10","Guayaquil",30.946222115989
"1390","10","Hﾃｩctor Abad Gﾃｳmez",7.5691347574272
"1391","10","Jesﾃｺs Nazareno",27.7207256289281
"1392","10","Kennedy",5.93397867486543
"1393","10","La Aguacatala",26.297085319491
"1394","10","La Alpujarra",19.2116016346715
"1395","10","La Amﾃｩrica",4.9531945866181
"1396","10","La Avanzada",1.37707948243993
"1397","10","La Candelaria",48.6282841386704
"1398","10","La Castellana",4.27182166492511
"1399","10","La Esperanza",3.92217475941862
"1400","10","La Floresta",1.55613577023499
"1401","10","La Florida",2.95533727265751
"1402","10","La Mansiﾃｳn",2.6536398467433
"1403","10","La Milagrosa",1.43214285714286
"1404","10","La Mota",1.33213644524237
"1405","10","La Palma",3.00598086124402
"1406","10","La Pilarica",2.79707948243993
"1407","10","La Pradera",1.37707948243993
"1408","10","La Salle",4.55646396228293
"1409","10","Lﾃｳpez de Mesa",10.6494952799322
"1410","10","Las Acacias",14.1245244962812
"1411","10","Las Brisas",5.48378831417625
"1412","10","Las Granjas",7.68650802803746
"1413","10","Las Lomas No.1",2.87445840942457
"1414","10","Las Lomas No.2",1.33213644524237
"1415","10","Las Palmas",1.70756302521008
"1416","10","Las Playas",2.67209863952805
"1417","10","Laureles",15.494187674338
"1418","10","Lorena",3.21815408085431
"1419","10","Loreto",1.29501915708812
"1420","10","Los ﾃ］geles",7.51808837645082
"1421","10","Los Alcﾃ｡zares",1.29501915708812
"1422","10","Los Colores",26.8540359414576
"1423","10","Los Conquistadores",46.8464479479001
"1424","10","Los Pinos",6.35035944880507
"1425","10","Manila",17.4296526162328
"1426","10","Manrique Central No. 1",2.62715560233049
"1427","10","Manrique Central No. 2",2.86085545602051
"1428","10","Manrique Oriental",2.72716201423098
"1429","10","Miranda",5.62002484093038
"1430","10","Moravia",9.3580073243556
"1431","10","Naranjal",27.0507932447783
"1432","10","Palermo",2.62715560233049
"1433","10","Parque Juan Pablo II",4.11005602301486
"1434","10","Patio Bonito",7.44343209874202
"1435","10","Pedregal",4.43133854342862
"1436","10","Perpetuo Socorro",54.2636232956399
"1437","10","Picacho",4.41526130062174
"1438","10","Prado",14.4425864585682
"1439","10","Robledo",6.04524565811389
"1440","10","Rosales",16.4129559734813
"1441","10","San Benito",46.7793087433229
"1442","10","San Bernardo",1.74622356495468
"1443","10","San Diego",22.0930321053669
"1444","10","San Isidro",9.96489401580074
"1445","10","San Javier No.1",7.40915874372193
"1446","10","San Martﾃｭn de Porres",2.94169699727025
"1447","10","San Miguel",4.84426896776294
"1448","10","San Pedro",4.90095554632322
"1449","10","Santa Cruz",1.29501915708812
"1450","10","Santa Fﾃｩ",40.8061286774711
"1451","10","Santa Inﾃｩs",3.04949327554337
"1452","10","Santa Marﾃｭa de los ﾃ］geles",1.50955414012739
"1453","10","Santa Teresita",1.33213644524237
"1454","10","Santo Domingo Savio No. 1",2.79813211401887
"1455","10","Sevilla",8.832696876102
"1456","10","Simﾃｳn Bolﾃｭvar",1.29501915708812
"1457","10","Suramericana",14.1373609475663
"1458","10","Tejelo",7.0226730552345
"1459","10","Tenche",3.01201449402286
"1460","10","Terminal de Transporte",32.9402517617186
"1461","10","Toscana",4.34595467883373
"1462","10","Tricentenario",7.12860990347812
"1463","10","Trinidad",13.0807639977349
"1464","10","Universidad de Antioquia",4.09250213698396
"1465","10","Universidad Nacional",17.8613106643003
"1466","10","Villa Carlota",21.9087788598118
"1467","10","Villa del Socorro",1.33213644524237
"1468","10","Villa Flora",1.50955414012739
"1469","10","Villa Guadalupe",2.81457948243993
"1470","10","Villa Nueva",37.3577085135242
"1471","10","Villatina",1.29501915708812
"1472","11","",3.00373407837846
"1473","11","ﾃ〉ea de Expansiﾃｳn Pajarito",1.35862068965517
"1474","11","Alejandrﾃｭa",4.04135237292467
"1475","11","Alejandro Echavarrﾃｭa",1.37707948243993
"1476","11","Alfonso Lﾃｳpez",2.72716201423098
"1477","11","Altamira",1.37707948243993
"1478","11","Asomadera No. 1",2.75415896487985
"1479","11","Asomadera No. 2",1.37707948243993
"1480","11","Aures No. 2",1.52686567164179
"1481","11","Aures No.1",1.33213644524237
"1482","11","Barrio Caicedo",2.79813211401887
"1483","11","Barrio Colﾃｳn",42.266021218465
"1484","11","Barrio Colombia",7.30972544604702
"1485","11","Belﾃｩn",35.9813737741388
"1486","11","Berlin",4.13654026742766
"1487","11","Bolivariana",4.25018695471541
"1488","11","Bombonﾃ｡ No. 1",7.23236451822219
"1489","11","Boston",32.415216062721
"1490","11","Brasilia",2.7092159276823
"1491","11","Buenos Aires",7.15426590801721
"1492","11","Cabecera San Antonio de Prado",17.3571393263868
"1493","11","Cabecera Urbana San Cristobal",3.09199307606674
"1494","11","Calasanz Parte Alta",1.29501915708812
"1495","11","Calle Nueva",11.3324944134544
"1496","11","Campo Alegre",2.69075713489754
"1497","11","Campo Amor",47.2420859280497
"1498","11","Campo Valdﾃｩs No. 1",10.7362991735848
"1499","11","Campo Valdﾃｩs No. 2",2.81424992631889
"1500","11","Caribe",50.5181072564912
"1501","11","Carlos E. Restrepo",36.2200886336383
"1502","11","Castilla",27.001991141758
"1503","11","Castropol",7.31091033789547
"1504","11","Centro Administrativo",1.37707948243993
"1505","11","Cerro Nutibara",6.94229502676204
"1506","11","Corazﾃｳn de Jesﾃｺs",17.7202227912617
"1507","11","Cristo Rey",20.3122684259121
"1508","11","Cuarta Brigada",8.19561405071617
"1509","11","Cucaracho",2.82286261497005
"1510","11","Diego Echavarrﾃｭa",2.75415896487985
"1511","11","Doce de Octubre No.2",1.33213644524237
"1512","11","El Chagualo",19.9938687040453
"1513","11","El Diamante",5.41212982161252
"1514","11","El Diamante No. 2",1.33213644524237
"1515","11","El Estadio",6.01482090528978
"1516","11","El Poblado",12.1694315457862
"1517","11","El Pomar",1.33213644524237
"1518","11","El Progreso",22.716956372893
"1519","11","El Raizal",1.37707948243993
"1520","11","El Rincﾃｳn",2.76651542649728
"1521","11","El Salvador",3.19968611411654
"1522","11","El Tesoro",1.42
"1523","11","El Velﾃｳdromo",2.6536398467433
"1524","11","Enciso",1.42105263157895
"1525","11","Estaciﾃｳn Villa",6.21224576387195
"1526","11","Fﾃ｡tima",9.42536612465534
"1527","11","Facultad de Minas U. Nacional",8.65467638012712
"1528","11","Florencia",3.00040498126962
"1529","11","Florida Nueva",2.77791957777249
"1530","11","Francisco Antonio Zea",1.43214285714286
"1531","11","Girardot",6.43362850673865
"1532","11","Granada",1.33213644524237
"1533","11","Guayabal",21.9573150413825
"1534","11","Guayaquil",35.9755503168527
"1535","11","Hﾃｩctor Abad Gﾃｳmez",1.29501915708812
"1536","11","Jesﾃｺs Nazareno",25.3715161629143
"1537","11","Kennedy",1.42
"1538","11","La Aguacatala",22.560442457296
"1539","11","La Alpujarra",20.333883004556
"1540","11","La Amﾃｩrica",7.71240944983862
"1541","11","La Candelaria",48.9569823473466
"1542","11","La Castellana",1.44578313253012
"1543","11","La Floresta",1.29501915708812
"1544","11","La Florida",3.22503759398496
"1545","11","La Francia",1.29501915708812
"1546","11","La Gloria",7.28086000483366
"1547","11","La Libertad",1.40789473684211
"1548","11","La Mota",1.35862068965517
"1549","11","La Palma",1.29501915708812
"1550","11","La Pilarica",1.52686567164179
"1551","11","La Salle",2.83580751719538
"1552","11","Lﾃｳpez de Mesa",3.05568181818182
"1553","11","Las Acacias",9.2355016461407
"1554","11","Las Brisas",8.34662196751559
"1555","11","Las Estancias",1.33213644524237
"1556","11","Las Granjas",14.0961975864542
"1557","11","Las Palmas",2.82286261497005
"1558","11","Laureles",6.70736238516083
"1559","11","Lorena",1.5197628458498
"1560","11","Loreto",5.63982269938863
"1561","11","Los ﾃ］geles",11.2856771960366
"1562","11","Los Balsos No.1",2.78838644524237
"1563","11","Los Balsos No.2",2.71607178866707
"1564","11","Los Colores",30.4147474962909
"1565","11","Los Conquistadores",42.439719047129
"1566","11","Los Mangos",4.03582144670637
"1567","11","Los Naranjos",1.29501915708812
"1568","11","Los Pinos",1.44578313253012
"1569","11","Manila",13.2283364421165
"1570","11","Manrique Central No. 1",5.98152612285252
"1571","11","Manrique Central No. 2",1.37707948243993
"1572","11","Manrique Oriental",4.31585249042146
"1573","11","Miraflores",1.5068306010929
"1574","11","Miranda",3.3753013368398
"1575","11","Moravia",6.0338409122828
"1576","11","Moscﾃｺ No. 2",2.62715560233049
"1577","11","Naranjal",25.3022790540614
"1578","11","Oleoducto",4.14041389393023
"1579","11","Palermo",1.37707948243993
"1580","11","Parque Juan Pablo II",5.46719319631545
"1581","11","Patio Bonito",6.9808489285508
"1582","11","Pedregal",2.59003831417625
"1583","11","Perpetuo Socorro",46.7902253275902
"1584","11","Picacho",4.37324971649992
"1585","11","Popular",1.37707948243993
"1586","11","Prado",15.3555602739523
"1587","11","Robledo",4.78751554720288
"1588","11","Rosales",16.9112508830162
"1589","11","San Benito",44.147315949616
"1590","11","San Bernardo",6.60851708277997
"1591","11","San Diego",26.4965965251527
"1592","11","San Germﾃ｡n",1.37707948243993
"1593","11","San Isidro",6.89389872752343
"1594","11","San Joaquﾃｭn",1.42
"1595","11","San Martﾃｭn de Porres",1.45011086474501
"1596","11","San Miguel",5.8656388760181
"1597","11","San Pedro",2.77791957777249
"1598","11","Santa Cruz",2.95458542483421
"1599","11","Santa Fﾃｩ",49.3410172677387
"1600","11","Santa Inﾃｩs",1.37707948243993
"1601","11","Santa Marﾃｭa de los ﾃ］geles",1.52686567164179
"1602","11","Santo Domingo Savio No. 1",1.37707948243993
"1603","11","Sevilla",5.51378922489781
"1604","11","Simﾃｳn Bolﾃｭvar",2.77791957777249
"1605","11","Sucre",1.37707948243993
"1606","11","Suramericana",9.32338919746168
"1607","11","Tenche",9.38977621020264
"1608","11","Terminal de Transporte",37.4311165622309
"1609","11","Toscana",5.10234317751913
"1610","11","Tricentenario",4.59459142175344
"1611","11","Trinidad",4.33378629649701
"1612","11","Universidad de Antioquia",4.42667624514261
"1613","11","Universidad Nacional",20.6206715043094
"1614","11","Versalles No. 1",1.33213644524237
"1615","11","Villa Carlota",28.0619361148745
"1616","11","Villa Flora",2.98933128544423
"1617","11","Villa Nueva",35.2498470636298
"1618","11","Villatina",1.43214285714286
"1619","12","ﾃ〉ea de Expansiﾃｳn Pajarito",2.67209863952805
"1620","12","Alejandrﾃｭa",1.43214285714286
"1621","12","Alejandro Echavarrﾃｭa",5.93937843950537
"1622","12","Alfonso Lﾃｳpez",1.65886287625418
"1623","12","Altamira",3.45593962999026
"1624","12","Asomadera No. 2",1.29501915708812
"1625","12","Astorga",1.29501915708812
"1626","12","Aures No. 2",1.45625
"1627","12","Aures No.1",1.35862068965517
"1628","12","Barrio Caicedo",2.88328313253012
"1629","12","Barrio Colﾃｳn",36.0994839431021
"1630","12","Barrio Colombia",5.33003178474629
"1631","12","Barrio Cristﾃｳbal",1.40789473684211
"1632","12","Barrio de Jesﾃｺs",1.33213644524237
"1633","12","Belﾃｩn",26.3257004454075
"1634","12","Belalcﾃ｡zar",2.88075055439294
"1635","12","Bello Horizonte",1.37707948243993
"1636","12","Berlin",1.29501915708812
"1637","12","Bolivariana",4.27330751719538
"1638","12","Bombonﾃ｡ No. 1",9.33861826179272
"1639","12","Bombonﾃ｡ No. 2",1.29501915708812
"1640","12","Boston",23.6381500214546
"1641","12","Boyacﾃ｡",1.29501915708812
"1642","12","Buenos Aires",1.7037037037037
"1643","12","Cﾃｳrdoba",1.7037037037037
"1644","12","Cabecera San Antonio de Prado",21.8891785662703
"1645","12","Calasanz",2.62715560233049
"1646","12","Calle Nueva",18.3185350129638
"1647","12","Campo Amor",46.1678139069594
"1648","12","Campo Valdﾃｩs No. 1",11.3833573123622
"1649","12","Campo Valdﾃｩs No. 2",2.78497421928203
"1650","12","Caribe",47.1230204903941
"1651","12","Carlos E. Restrepo",43.2432216270211
"1652","12","Castilla",38.7881940345501
"1653","12","Castropol",7.3430931831428
"1654","12","Cataluﾃｱa",1.40789473684211
"1655","12","Cerro Nutibara",5.35967475941862
"1656","12","Corazﾃｳn de Jesﾃｺs",19.7756733843446
"1657","12","Cristo Rey",18.67607463315
"1658","12","Cuarta Brigada",6.05561562950755
"1659","12","Cucaracho",3.32637737482971
"1660","12","Diego Echavarrﾃｭa",1.45625
"1661","12","Doce de Octubre No.1",1.42105263157895
"1662","12","Doce de Octubre No.2",1.33213644524237
"1663","12","El Castillo",1.33213644524237
"1664","12","El Chagualo",18.1770291842458
"1665","12","El Danubio",1.44554455445545
"1666","12","El Diamante",7.62667329698732
"1667","12","El Estadio",3.68790443877016
"1668","12","El Nogal-Los Almendros",1.29501915708812
"1669","12","El Pinal",1.29501915708812
"1670","12","El Poblado",13.6152588497103
"1671","12","El Pomar",1.50955414012739
"1672","12","El Progreso",17.9994256336607
"1673","12","El Raizal",1.44578313253012
"1674","12","El Rincﾃｳn",2.86578313253012
"1675","12","El Salvador",2.83332948243993
"1676","12","El Tesoro",1.55613577023499
"1677","12","El Velﾃｳdromo",1.67159763313609
"1678","12","Estaciﾃｳn Villa",8.94032010957783
"1679","12","Fﾃ｡tima",10.4268731017365
"1680","12","Facultad de Minas U. Nacional",3.51808170978041
"1681","12","Florencia",1.37707948243993
"1682","12","Florida Nueva",1.68249258160237
"1683","12","Girardot",5.49399136643956
"1684","12","Guayabal",21.6226119916952
"1685","12","Guayaquil",38.0578732250856
"1686","12","Hﾃｩctor Abad Gﾃｳmez",4.49893237257475
"1687","12","Jardﾃｭn Botﾃ｡nico",1.33213644524237
"1688","12","Jesﾃｺs Nazareno",20.3901624178115
"1689","12","Kennedy",4.86746753246753
"1690","12","La Aguacatala",16.311614559464
"1691","12","La Alpujarra",11.3268392080599
"1692","12","La Amﾃｩrica",7.58332960819487
"1693","12","La Candelaria",59.8142941248619
"1694","12","La Castellana",1.42105263157895
"1695","12","La Esperanza",1.44578313253012
"1696","12","La Floresta",2.85855263157895
"1697","12","La Florida",5.73727463652164
"1698","12","La Francia",1.37707948243993
"1699","12","La Gloria",2.67209863952805
"1700","12","La Palma",2.66427289048474
"1701","12","La Piﾃｱuela",1.29501915708812
"1702","12","La Pilarica",1.37707948243993
"1703","12","La Pradera",1.5546218487395
"1704","12","La Salle",7.02527965453502
"1705","12","Lﾃｳpez de Mesa",1.4375
"1706","12","Las Acacias",4.50146495071194
"1707","12","Las Brisas",5.61897220935144
"1708","12","Las Granjas",9.03117496652587
"1709","12","Las Lomas No.1",1.37707948243993
"1710","12","Las Mercedes",1.33213644524237
"1711","12","Las Palmas",1.88028169014085
"1712","12","Laureles",12.2835454266913
"1713","12","Lorena",2.94097602228634
"1714","12","Loreto",1.45625
"1715","12","Los ﾃ］geles",4.37638990423646
"1716","12","Los Alcﾃ｡zares",1.33213644524237
"1717","12","Los Balsos No.2",5.79919699727025
"1718","12","Los Colores",21.3081962879639
"1719","12","Los Conquistadores",45.1516586139767
"1720","12","Los Pinos",12.1509082170902
"1721","12","Manila",15.6432896719067
"1722","12","Manrique Central No. 1",4.23307909907974
"1723","12","Manrique Oriental",3.30778511453493
"1724","12","Miraflores",3.00068709633091
"1725","12","Miranda",6.05286037719926
"1726","12","Moravia",14.0329652590004
"1727","12","Moscﾃｺ No. 1",1.33213644524237
"1728","12","Naranjal",21.9182285727327
"1729","12","Oleoducto",2.66427289048474
"1730","12","Palermo",2.75126915708812
"1731","12","Parque Juan Pablo II",1.50955414012739
"1732","12","Patio Bonito",4.69414725589932
"1733","12","Pedregal",4.32160844344962
"1734","12","Perpetuo Socorro",47.1892275309216
"1735","12","Picacho",1.29501915708812
"1736","12","Popular",1.42
"1737","12","Prado",15.4342639325857
"1738","12","Robledo",5.74629011145834
"1739","12","Rosales",11.1815441083889
"1740","12","San Benito",30.3354597208841
"1741","12","San Bernardo",4.05929845947335
"1742","12","San Diego",35.2118685891174
"1743","12","San Germﾃ｡n",4.34389677820459
"1744","12","San Isidro",10.1649746699485
"1745","12","San Javier No.1",4.59567907102844
"1746","12","San Joaquﾃｭn",3.13584656084656
"1747","12","San Martﾃｭn de Porres",1.33213644524237
"1748","12","San Miguel",3.07549218085262
"1749","12","San Pedro",4.1292159276823
"1750","12","Santa Fﾃｩ",34.6049162256386
"1751","12","Santa Marﾃｭa de los ﾃ］geles",1.37707948243993
"1752","12","Santo Domingo Savio No. 1",2.76427930238523
"1753","12","Sevilla",9.54431937534549
"1754","12","Simﾃｳn Bolﾃｭvar",2.66427289048474
"1755","12","Suramericana",18.3541072911377
"1756","12","Tejelo",1.43214285714286
"1757","12","Tenche",4.81596534724153
"1758","12","Terminal de Transporte",42.0159577769381
"1759","12","Toscana",8.96317798441384
"1760","12","Tricentenario",10.6065436462396
"1761","12","Trinidad",9.6465376416344
"1762","12","U.D. Atanasio Girardot",1.4375
"1763","12","Universidad Nacional",17.0768484941337
"1764","12","Veinte de Julio",1.44578313253012
"1765","12","Versalles No. 1",1.37707948243993
"1766","12","Villa Carlota",19.1856152303505
"1767","12","Villa del Socorro",1.29501915708812
"1768","12","Villa Flora",4.12834863952805
"1769","12","Villa Guadalupe",1.4375
"1770","12","Villa Hermosa",1.5197628458498
"1771","12","Villa Nueva",35.4781627902464
