"","SEMANA","COMUNA","A—O_2017_PRED","A—O_2018_PRED"
"1",NA,"Aranjuez",2.33628318584071,2.21100917431193
"2",NA,"Bel√©n",2.06569343065693,2.16666666666667
"3",NA,"Buenos Aires",2.33628318584071,2.21100917431193
"4",NA,"Castilla",7.7,7.1010101010101
"5",NA,"Corregimiento de Altavista",0.570135746606335,0.497737556561086
"6",NA,"Doce de Octubre",0.570135746606335,0.497737556561086
"7",NA,"El Poblado",4.03921568627451,3.76
"8",NA,"Guayabal",6.21782178217822,5.70707070707071
"9",NA,"In",0.570135746606335,0.497737556561086
"10",NA,"La Am√©rica",4.77884615384615,4.03030303030303
"11",NA,"La Candelaria",10.65,10.2020202020202
"12",NA,"Laureles Estadio",9.28282828282828,8.94949494949495
"13",NA,"Manrique",1.95901639344262,1.93162393162393
"14",NA,"Popular",0.800554016620499,0.575187969924812
"15",NA,"Robledo",4.03921568627451,3.76
"16",NA,"San Javier",0.800554016620499,0.575187969924812
"17",NA,"Villa Hermosa",0.570135746606335,0.497737556561086
"18","00","",2.76222271272486,2.58022087583404
"19","00","Aranjuez",32.7599165556483,32.4489694791582
"20","00","Bel√©n",30.4619033386523,29.8476530005942
"21","00","Buenos Aires",15.607887857198,14.5505710253354
"22","00","Castilla",49.3314783654206,45.409656468505
"23","00","Corregimiento de Altavista",3.49179195526141,2.88868394742561
"24","00","Corregimiento de San Antonio de Prado",4.74786347262065,4.00127247431309
"25","00","Corregimiento de San Crist√≥bal",8.22102667016897,8.70837654302468
"26","00","Corregimiento de Santa Elena",5.34833154132139,5.13441857948463
"27","00","Doce de Octubre",14.8196240680011,13.7117702542724
"28","00","El Poblado",31.9638964189888,32.0305320439649
"29","00","Guayabal",28.16470502763,28.2397373737374
"30","00","In",1.06012658227848,0.731012658227848
"31","00","La Am√©rica",14.887766163588,14.4282884563266
"32","00","La Candelaria",73.1313915000631,66.3091919191919
"33","00","Laureles Estadio",39.3245738435545,37.6897860962567
"34","00","Manrique",19.3108557465894,19.5573372602512
"35","00","Popular",9.75771452897955,9.07823630301506
"36","00","Robledo",35.304544129453,33.4934146873807
"37","00","San Javier",10.1525052626461,9.71398291715311
"38","00","Santa Cruz",7.78119535616105,7.42479178627207
"39","00","Villa Hermosa",13.2030827848573,13.1253438504301
"40","01","",4.68874684468302,4.29187049250999
"41","01","Aranjuez",37.594680661792,36.47865926985
"42","01","Bel√©n",44.1171346469622,43.4388438843884
"43","01","Buenos Aires",23.2845608524749,22.3352346886157
"44","01","Castilla",66.3159380705506,60.962627792191
"45","01","Corregimiento de Altavista",3.66350114543906,3.52088549614633
"46","01","Corregimiento de San Antonio de Prado",6.96792401300079,6.54210789272914
"47","01","Corregimiento de San Crist√≥bal",5.66541918050298,5.47194905484987
"48","01","Corregimiento de Santa Elena",7.36864647319958,7.70141620964346
"49","01","Doce de Octubre",15.8081261741918,15.3591743523777
"50","01","El Poblado",48.3838440575233,44.7972913718787
"51","01","Guayabal",38.1930910040727,35.3107714891824
"52","01","La Am√©rica",24.0932695037976,24.308907295164
"53","01","La Candelaria",118.69701543005,119.452645264526
"54","01","Laureles Estadio",58.4627811586237,54.6478738844758
"55","01","Manrique",20.6214109498126,18.9304093077676
"56","01","Popular",8.07947211737919,7.76758606353077
"57","01","Robledo",43.2141253100795,42.8346332017441
"58","01","San Javier",11.8808350411178,12.1997091688995
"59","01","Santa Cruz",13.7728076946077,13.347286152901
"60","01","Villa Hermosa",17.2124145111073,16.3073393208701
"61","02","",3.37731686928318,2.85098164841101
"62","02","Aranjuez",49.5412944310591,46.6790535720239
"63","02","Bel√©n",52.5425669649616,49.8398692810458
"64","02","Buenos Aires",27.487724667511,25.7589410593325
"65","02","Castilla",72.619128031026,64.0029092909291
"66","02","Corregimiento de Altavista",4.53150828818853,4.19587209257063
"67","02","Corregimiento de San Antonio de Prado",6.24191010600847,5.80639043899919
"68","02","Corregimiento de San Crist√≥bal",9.96306290751443,9.72628682195655
"69","02","Corregimiento de Santa Elena",5.75608178246908,5.82655145827162
"70","02","Doce de Octubre",19.8008119824836,18.8670105864966
"71","02","El Poblado",61.9682893799509,57.4433936985932
"72","02","Guayabal",53.3078983282503,50.0053299407611
"73","02","In",1.62110219203458,1.23101265822785
"74","02","La Am√©rica",26.7857433859281,26.2388697353898
"75","02","La Candelaria",140.464667466747,139.325555555556
"76","02","Laureles Estadio",78.1052019452019,71.3057435743574
"77","02","Manrique",18.0311737381382,18.2688500197423
"78","02","Popular",13.1557700720669,12.9073438062032
"79","02","Robledo",46.9447698675069,46.3226046134025
"80","02","San Javier",15.2384606806014,15.683534347809
"81","02","Santa Cruz",10.9703532719188,10.3918903719599
"82","02","Villa Hermosa",18.8690195779753,18.3086005239256
"83","02","Corregimiento de San Sebasti√°n de Palmitas",0.5,0.584745762711864
"84","03","",2.96574133182913,3.08537573357571
"85","03","Aranjuez",39.6793113533891,38.2442794460442
"86","03","AU",0.5,0.584745762711864
"87","03","Bel√©n",54.8177345993825,53.20853238265
"88","03","Buenos Aires",34.8469352005372,33.4478674213887
"89","03","Castilla",69.1208472551848,62.1670677067707
"90","03","Corregimiento de Altavista",3.79192988132413,3.53593835993396
"91","03","Corregimiento de San Antonio de Prado",6.55366379991768,6.23080554073166
"92","03","Corregimiento de San Crist√≥bal",7.77502134365389,7.87451837742852
"93","03","Corregimiento de Santa Elena",5.71928515965021,5.45332656146061
"94","03","Doce de Octubre",21.5289421889464,19.7818766222924
"95","03","El Poblado",63.8393413846323,61.9058615861586
"96","03","Guayabal",61.6733425873794,57.3982828282828
"97","03","In",2.13111135636243,2.16722908198481
"98","03","La Am√©rica",27.0465533145593,26.134727681432
"99","03","La Candelaria",136.954084114294,134.424242424242
"100","03","Laureles Estadio",76.5945631072439,71.1626892689269
"101","03","Manrique",20.6456803682673,20.5296197038713
"102","03","Popular",9.9431849211068,10.2070560452984
"103","03","Robledo",52.6365502990993,49.518728886024
"104","03","San Javier",15.3720160244945,15.3672639433561
"105","03","Santa Cruz",9.70583248498158,9.87085729217534
"106","03","Villa Hermosa",18.8810232985636,17.1037159368083
"107","04","",3.75708402359581,3.06680662563016
"108","04","Aranjuez",58.6021152158838,53.6022865815993
"109","04","Bel√©n",50.3251004824341,48.4448864886489
"110","04","Buenos Aires",26.7366752588612,26.6635988028982
"111","04","Castilla",69.4272128687643,62.0283234205774
"112","04","Corregimiento de Altavista",2.55381762946021,2.20424761750784
"113","04","Corregimiento de San Antonio de Prado",5.599766115862,5.44181049001274
"114","04","Corregimiento de San Crist√≥bal",6.29018907999805,6.00709360342644
"115","04","Corregimiento de Santa Elena",4.06121476884184,3.49846826717121
"116","04","Doce de Octubre",25.4887580107339,24.916689722665
"117","04","El Poblado",67.3232674732675,62.860796079608
"118","04","Guayabal",55.0334804209355,52.5965000617709
"119","04","In",0.570135746606335,0.497737556561086
"120","04","La Am√©rica",21.8465580766528,22.0227596226629
"121","04","La Candelaria",146.358995840761,146.515151515152
"122","04","Laureles Estadio",81.3475797241142,74.4033333333333
"123","04","Manrique",20.3555344404616,18.7710630568176
"124","04","Popular",10.2370599081875,10.8039584519326
"125","04","Robledo",49.0952419373611,47.9013344863898
"126","04","San Javier",14.5264799512427,14.4360354307699
"127","04","Santa Cruz",11.8445803292803,11.331013568191
"128","04","Villa Hermosa",20.0754454576772,18.9575276941424
"129","05","",3.64479668281228,3.07951030565037
"130","05","Aranjuez",53.8423877267199,49.0556126284897
"131","05","AU",1.06012658227848,0.731012658227848
"132","05","Bel√©n",48.9495118269653,48.5758457558405
"133","05","Buenos Aires",27.982513072931,27.1568002041531
"134","05","Castilla",80.8301596573735,73.4444444444444
"135","05","Corregimiento de Altavista",5.37161768547636,3.92178818947248
"136","05","Corregimiento de San Antonio de Prado",6.91046857560997,5.67539454478881
"137","05","Corregimiento de San Crist√≥bal",8.09408790646535,8.22656812525032
"138","05","Corregimiento de Santa Elena",5.74194214726517,5.32057746622074
"139","05","Doce de Octubre",25.3186702308503,23.8942202410119
"140","05","El Poblado",68.8642078926932,62.8348224822482
"141","05","Guayabal",62.9360755985044,57.4077167128478
"142","05","In",1.6219512195122,1.58474576271186
"143","05","La Am√©rica",26.5055904972673,25.5832911323477
"144","05","La Candelaria",138.221284128413,137.868686868687
"145","05","Laureles Estadio",90.0331371709371,78.4575757575758
"146","05","Manrique",27.4544796969376,26.6211828261381
"147","05","Popular",12.6118869563333,11.7963175906694
"148","05","Robledo",57.0802923007644,51.2561146114611
"149","05","San Javier",20.042630255548,19.2933097865965
"150","05","Santa Cruz",9.66553839047601,9.52261281117187
"151","05","Villa Hermosa",21.0991839538496,20.0874001181029
"152","06","",2.25306257587463,1.99773755656109
"153","06","Aranjuez",57.2320681708483,54.5616055134925
"154","06","Bel√©n",58.9865931221681,56.4633463346335
"155","06","Buenos Aires",36.5413134894769,35.9893864758285
"156","06","Castilla",75.1255456805107,68.3074747474747
"157","06","Corregimiento de Altavista",4.48922644438804,4.17813154212302
"158","06","Corregimiento de San Antonio de Prado",5.63027496337,4.8358605579588
"159","06","Corregimiento de San Crist√≥bal",6.40530197727674,5.91251840408512
"160","06","Corregimiento de Santa Elena",7.6140709348506,7.75683576965935
"161","06","Doce de Octubre",21.2549024424295,20.503898878017
"162","06","El Poblado",71.1321537826429,67.3803624480095
"163","06","Guayabal",66.0414295515525,58.3346864686469
"164","06","In",2.33272545233498,1.96321604805836
"165","06","La Am√©rica",30.0442311087507,29.7864709748678
"166","06","La Candelaria",143.157477806604,141.670606060606
"167","06","Laureles Estadio",89.3006768099977,80.9325252525253
"168","06","Manrique",24.4517567213895,24.0272302706939
"169","06","Popular",10.6594065708917,10.6706134839812
"170","06","Robledo",51.4558582323352,49.9158030636823
"171","06","San Javier",17.0727166417575,16.5749193001766
"172","06","Santa Cruz",9.90121464440069,9.81358355465436
"173","06","Villa Hermosa",25.6151148624561,25.0561160899022
"174","07","",3.98109740963381,3.57584024443474
"175","07","Aranjuez",51.8240500829821,51.890304030403
"176","07","Bel√©n",58.3827899732145,54.0528482848285
"177","07","Buenos Aires",29.3900067265564,27.4907476476176
"178","07","Castilla",71.4092106783311,66.6418641864186
"179","07","Corregimiento de Altavista",1.62110219203458,1.23101265822785
"180","07","Corregimiento de San Antonio de Prado",5.65661136647075,5.79694355551359
"181","07","Corregimiento de San Crist√≥bal",9.27953400755047,8.5976788697391
"182","07","Corregimiento de Santa Elena",7.21372447927408,6.91658958404167
"183","07","Doce de Octubre",16.9739819051344,16.1627927423412
"184","07","El Poblado",62.4698293020186,57.9767676767677
"185","07","Guayabal",64.4122013966943,61.1324464799421
"186","07","In",1.62110219203458,1.23101265822785
"187","07","La Am√©rica",28.074795692415,27.4656607199181
"188","07","La Candelaria",142.91610865941,133.323232323232
"189","07","Laureles Estadio",78.6584799736912,72.109696969697
"190","07","Manrique",25.1676231216076,24.0897414659644
"191","07","Popular",14.6783905943534,14.4939868286062
"192","07","Robledo",60.2863234373465,58.048297829783
"193","07","San Javier",17.8204504922318,16.9808310904342
"194","07","Santa Cruz",13.6200317856433,13.7703736387374
"195","07","Villa Hermosa",26.8961387535771,26.8023628362836
"196","08","",3.44984798911814,3.48701255314368
"197","08","Aranjuez",50.6457389378712,47.5285237935558
"198","08","AU",0.560975609756098,0.5
"199","08","Bel√©n",58.8092011039735,56.8580828082808
"200","08","Buenos Aires",33.2650009821084,32.289473319881
"201","08","Castilla",72.0984722954323,65.7721212121212
"202","08","Corregimiento de Altavista",4.41560241638664,3.54403762642999
"203","08","Corregimiento de San Antonio de Prado",5.3601877089976,5.36662252008793
"204","08","Corregimiento de San Crist√≥bal",11.4547229151551,11.9769739000969
"205","08","Corregimiento de Santa Elena",5.86054602186166,5.13796793360198
"206","08","Doce de Octubre",20.7202898536964,19.2847381836164
"207","08","El Poblado",61.7922055605179,58.3499379937994
"208","08","Guayabal",59.7027414682109,55.6260664901442
"209","08","In",1.07013574660633,1.08248331927295
"210","08","La Am√©rica",32.898698977924,32.7414024831938
"211","08","La Candelaria",135.337676767677,135.222222222222
"212","08","Laureles Estadio",88.5356746683843,80.3895389538954
"213","08","Manrique",24.9161050570987,24.4312549185152
"214","08","Popular",13.9978998614964,13.3323294629898
"215","08","Robledo",59.2647698672635,55.7718394024276
"216","08","San Javier",13.5478161924625,12.9367986177059
"217","08","Santa Cruz",13.9931170365754,13.6301132177712
"218","08","Villa Hermosa",25.9688571644905,24.9425266999734
"219","09","",4.33465912636597,4.64144716995405
"220","09","Aranjuez",50.6481763883813,49.4536793679368
"221","09","Bel√©n",60.7430314722254,55.8781818181818
"222","09","Buenos Aires",28.6413667066683,28.654599959053
"223","09","Castilla",84.0650215936007,72.0299819981998
"224","09","Corregimiento de Altavista",3.95102885766104,3.60444052725553
"225","09","Corregimiento de San Antonio de Prado",6.98737071136595,6.43210989780963
"226","09","Corregimiento de San Crist√≥bal",9.61746713424339,9.02161308010932
"227","09","Corregimiento de Santa Elena",5.71956199309932,5.95264769474423
"228","09","Doce de Octubre",31.9440499018403,31.0124583723501
"229","09","El Poblado",65.0142454165445,61.3995603089721
"230","09","Guayabal",58.0726275254589,53.3993752904702
"231","09","In",1.0609756097561,1.08474576271186
"232","09","La Am√©rica",30.6662046202991,30.1764013448752
"233","09","La Candelaria",147.787878787879,143.262626262626
"234","09","Laureles Estadio",92.16143111834,83.7662626262626
"235","09","Manrique",28.4421509626895,26.3336009483729
"236","09","Popular",16.0427557116752,15.3190991499829
"237","09","Robledo",59.9691162836232,56.4512511251125
"238","09","San Javier",13.1212190671829,12.3778049710267
"239","09","Santa Cruz",13.7781529044263,13.4476857947098
"240","09","Villa Hermosa",25.1096813199187,24.0496429810643
"241","09","Corregimiento de San Sebasti√°n de Palmitas",0.5,0.584745762711864
"242","10","",6.00124320046121,5.49816478299375
"243","10","Aranjuez",52.7549335888188,50.7913339410864
"244","10","AU",1.06012658227848,0.731012658227848
"245","10","Bel√©n",61.0178240591059,54.716956948122
"246","10","Buenos Aires",32.5811966346308,31.7966659930376
"247","10","Castilla",81.5938876983954,75.1717171717172
"248","10","Corregimiento de Altavista",4.27430923830701,3.76390550497518
"249","10","Corregimiento de San Antonio de Prado",7.66611383190102,7.99741289445365
"250","10","Corregimiento de San Crist√≥bal",11.748569121931,11.6225039762202
"251","10","Corregimiento de Santa Elena",4.23804298237039,4.19217071009195
"252","10","Doce de Octubre",26.4928435783903,25.0565126183883
"253","10","El Poblado",71.243780229492,64.2929282928293
"254","10","Guayabal",63.3715888929424,57.7393434343434
"255","10","In",0.5,0.584745762711864
"256","10","La Am√©rica",30.9183425043485,30.5120140528606
"257","10","La Candelaria",149.062323232323,142.010101010101
"258","10","Laureles Estadio",92.3277080460543,82.9060606060606
"259","10","Manrique",27.2776725252069,26.3930411360464
"260","10","Popular",12.515658699414,12.7710029371688
"261","10","Robledo",58.2505431825191,55.8667216721672
"262","10","San Javier",18.7172863548781,18.2210855755089
"263","10","Santa Cruz",14.2151833107641,14.5178238628736
"264","10","Villa Hermosa",23.5866999605624,22.8436131719563
"265","11","",3.5609756097561,4.00847457627119
"266","11","Aranjuez",51.2229679150725,50.8292790444093
"267","11","AU",0.560975609756098,0.5
"268","11","Bel√©n",51.3775212943959,48.8701132249147
"269","11","Buenos Aires",37.7359904937152,36.7614545025931
"270","11","Castilla",80.7929368956024,73.4192929292929
"271","11","Corregimiento de Altavista",3.50415819659583,3.19877757686496
"272","11","Corregimiento de San Antonio de Prado",6.3058611514592,6.75377563079119
"273","11","Corregimiento de San Crist√≥bal",10.2115642131388,9.85213320499746
"274","11","Corregimiento de Santa Elena",2.91775957365018,2.53511325964939
"275","11","Doce de Octubre",21.4669964898088,21.3133757054464
"276","11","El Poblado",57.256416644302,54.7463714818084
"277","11","Guayabal",57.6580417849205,55.4762416241624
"278","11","La Am√©rica",27.1923676374381,25.9367389973618
"279","11","La Candelaria",136.00658008658,136.686868686869
"280","11","Laureles Estadio",77.007316785811,72.2727272727273
"281","11","Manrique",29.5455635811035,28.5051878200555
"282","11","Popular",14.8946794473307,13.9825375760652
"283","11","Robledo",52.0935094290098,49.0119581958196
"284","11","San Javier",15.6241877125141,15.366543261217
"285","11","Santa Cruz",7.75096391184934,7.98961804466445
"286","11","Villa Hermosa",20.4849165869485,19.128480540825
"287","11","Corregimiento de San Sebasti√°n de Palmitas",0.570135746606335,0.497737556561086
"288","12","",3.11269132275957,2.42548092539906
"289","12","Aranjuez",52.1616773814872,51.6817791779178
"290","12","Bel√©n",59.0271307315577,55.2257275858939
"291","12","Buenos Aires",25.9408712022563,24.8356209398381
"292","12","Castilla",72.2851975244375,65.7881818181818
"293","12","Corregimiento de Altavista",3.31213730613907,3.01978448089798
"294","12","Corregimiento de San Antonio de Prado",5.11815764914133,4.26160103099941
"295","12","Corregimiento de San Crist√≥bal",10.2179908165032,9.9023183321118
"296","12","Corregimiento de Santa Elena",5.65454056463732,4.99142348922691
"297","12","Doce de Octubre",19.2819497744275,18.7558400564868
"298","12","El Poblado",64.5263071734713,60.7731653165317
"299","12","Guayabal",57.9733477537693,53.5509910991099
"300","12","In",2.37068976322683,2.24241705190963
"301","12","La Am√©rica",24.0672011530219,23.7657255529607
"302","12","La Candelaria",142.349696969697,142.375858585859
"303","12","Laureles Estadio",89.1324838645446,82.6522222222222
"304","12","Manrique",26.3689490051365,24.2200882136731
"305","12","Popular",18.1048480309642,16.851610573686
"306","12","Robledo",42.8698415373744,41.9730303030303
"307","12","San Javier",15.8794954371896,15.5168051567358
"308","12","Santa Cruz",13.2044620070127,13.2847088891267
"309","12","Villa Hermosa",22.1202684645976,21.4653210311172
"310","12","0",0.570135746606335,0.497737556561086
"311","13","",5.69707381808606,4.54362265405923
"312","13","Aranjuez",49.1425285670692,46.6498913352874
"313","13","Bel√©n",51.9361733125328,50.1311088416534
"314","13","Buenos Aires",26.1378848335953,25.1752731592878
"315","13","Castilla",65.3942927579645,59.9810101010101
"316","13","Corregimiento de Altavista",3.20124710296877,3.24971240125777
"317","13","Corregimiento de San Antonio de Prado",6.50205918936477,5.98380264799696
"318","13","Corregimiento de San Crist√≥bal",9.57274603023979,8.88156948521197
"319","13","Corregimiento de Santa Elena",5.16314652654993,3.98130775868777
"320","13","Doce de Octubre",22.7929766624337,21.2732795387809
"321","13","El Poblado",63.4492470510311,61.2240224022402
"322","13","Guayabal",52.104965072985,49.2193783993784
"323","13","In",1.06012658227848,0.731012658227848
"324","13","La Am√©rica",25.2274546735232,25.2690477904933
"325","13","La Candelaria",130.915656565657,124.178585858586
"326","13","Laureles Estadio",83.790425139549,74.5375757575758
"327","13","Manrique",25.4953299186508,24.527176180641
"328","13","Popular",13.955549631508,12.6593352194224
"329","13","Robledo",50.3545337268765,47.0815884333531
"330","13","San Javier",15.479227647128,14.8370071786898
"331","13","Santa Cruz",12.7762703154847,11.3918831783884
"332","13","Villa Hermosa",18.7960749999846,17.7207575901279
"333","14","",5.98914714918516,5.48858175625901
"334","14","Aranjuez",52.9080047125463,52.6113934922904
"335","14","Bel√©n",60.2871052280427,55.2445726169256
"336","14","Buenos Aires",33.2870173411062,32.9086281365693
"337","14","Castilla",73.3073502045013,65.3373717371737
"338","14","Corregimiento de Altavista",3.54887093001261,2.94810505349861
"339","14","Corregimiento de San Antonio de Prado",5.2761418325971,4.3619281593795
"340","14","Corregimiento de San Crist√≥bal",7.16161268043738,7.35965059409343
"341","14","Corregimiento de Santa Elena",4.50652493929237,4.3267734868824
"342","14","Doce de Octubre",24.2482598624561,23.4669772656098
"343","14","El Poblado",66.0513001611808,59.2425172517252
"344","14","Guayabal",61.9900302716761,57.4191844698489
"345","14","In",2.12025316455696,1.4620253164557
"346","14","La Am√©rica",37.9370207942381,36.5885155906895
"347","14","La Candelaria",153.228383838384,150.151515151515
"348","14","Laureles Estadio",99.3372497020059,90
"349","14","Manrique",30.8384805120157,30.6845398423337
"350","14","Popular",11.1547030923124,11.3267422190825
"351","14","Robledo",61.4427820183537,57.3102180218022
"352","14","San Javier",15.8577096369709,14.9902037399632
"353","14","Santa Cruz",12.1071325198696,11.8308988730306
"354","14","Villa Hermosa",24.1369568704269,23.2114279690676
"355","15","",2.50180111958927,2.07066308304698
"356","15","Aranjuez",44.5169484053489,41.1777481234362
"357","15","Bel√©n",51.2428408980969,48.8846030278466
"358","15","Buenos Aires",25.3181771188136,25.081290533366
"359","15","Castilla",78.2667848383554,68.5916161616162
"360","15","Corregimiento de Altavista",4.12374369806506,3.64349994866789
"361","15","Corregimiento de San Antonio de Prado",4.65193866164408,4.10912891631641
"362","15","Corregimiento de San Crist√≥bal",8.93568538383307,8.88815553602316
"363","15","Corregimiento de Santa Elena",4.1194601255543,4.14786604043292
"364","15","Doce de Octubre",23.2202791723229,21.8285638565995
"365","15","El Poblado",60.9797394700214,57.8618381838184
"366","15","Guayabal",60.3035865469286,57.1382316718251
"367","15","In",2.70039807549115,2.31123353406188
"368","15","La Am√©rica",25.014028886852,23.7614566479272
"369","15","La Candelaria",136.567765853508,132.909090909091
"370","15","Laureles Estadio",80.9951288546222,77.0658065806581
"371","15","Manrique",24.9343579349668,22.6783260603001
"372","15","Popular",18.1224144386288,16.8987370430762
"373","15","Robledo",54.4706112330245,53.2973737373737
"374","15","San Javier",14.6316271735332,13.8397068351596
"375","15","Santa Cruz",12.8790807020324,12.1113186753478
"376","15","Villa Hermosa",23.5925644061135,22.6577198746019
"377","16","",5.37689863176581,4.93729352097179
"378","16","Aranjuez",49.4570606466006,48.6422400475342
"379","16","AU",0.570135746606335,0.497737556561086
"380","16","Bel√©n",53.0386042354799,51.4294269426943
"381","16","Buenos Aires",24.2651902169038,23.8824606858181
"382","16","Castilla",79.3908630396407,72.6928942894289
"383","16","Corregimiento de Altavista",2.87194265220595,2.75219640224625
"384","16","Corregimiento de San Antonio de Prado",8.65375759027359,8.88292221294299
"385","16","Corregimiento de San Crist√≥bal",12.6168827805188,11.9034039894612
"386","16","Corregimiento de Santa Elena",5.93659201722246,5.52325161057571
"387","16","Doce de Octubre",25.2205797635336,25.0205477023859
"388","16","El Poblado",63.8958392711251,61.5553595359536
"389","16","Guayabal",61.8291791301913,57.6389938993899
"390","16","In",1.69208696611853,1.49773755656109
"391","16","La Am√©rica",26.6844107543207,26.2383870908099
"392","16","La Candelaria",150.277474747475,147.787878787879
"393","16","Laureles Estadio",80.6218253446687,73.2474717471747
"394","16","Manrique",28.843719580057,26.1467039649065
"395","16","Popular",12.8438189462968,12.7248136166191
"396","16","Robledo",56.0275007042633,53.1647474747475
"397","16","San Javier",19.694945165131,18.7268191347437
"398","16","Santa Cruz",9.03296167354195,8.5944980341393
"399","16","Villa Hermosa",26.0125048789616,25.0817056421391
"400","17","",4.60718308873101,4.26369316263774
"401","17","Aranjuez",47.6970803018902,47.091481862472
"402","17","AU",0.560975609756098,0.5
"403","17","Bel√©n",55.4913050861162,53.5114686048845
"404","17","Buenos Aires",30.9112712436347,29.6469222125657
"405","17","Castilla",68.9360763880956,60.8426842684268
"406","17","Corregimiento de Altavista",1.57013574660633,1.66722908198481
"407","17","Corregimiento de San Antonio de Prado",6.11281735415698,6.30892893411194
"408","17","Corregimiento de San Crist√≥bal",7.88436381440351,7.8353380581456
"409","17","Corregimiento de Santa Elena",5.53245598117682,5.38359108997137
"410","17","Doce de Octubre",19.9003032208455,18.7982536337759
"411","17","El Poblado",57.970357899138,52.3315573784677
"412","17","Guayabal",50.6108623024042,46.4189462498286
"413","17","In",1.63026232888482,1.22875021478893
"414","17","La Am√©rica",32.8138093883885,31.146013887103
"415","17","La Candelaria",143.42404040404,134.959595959596
"416","17","Laureles Estadio",86.7567089638718,76.1616161616162
"417","17","Manrique",24.1631619617373,22.2169295253011
"418","17","Popular",15.7350179197773,15.5717843615001
"419","17","Robledo",61.6278936687382,58.0234342846049
"420","17","San Javier",18.4403027068923,17.8751687993241
"421","17","Santa Cruz",11.0975455257924,11.1552442701741
"422","17","SN",0.560975609756098,0.5
"423","17","Villa Hermosa",22.5234299945969,21.9733114653267
"424","18","",2.9229090976342,2.31597997848929
"425","18","Aranjuez",43.4529585171563,42.573339275104
"426","18","Bel√©n",53.6277036394541,50.0475677567757
"427","18","Buenos Aires",28.6752922389286,27.5663536361492
"428","18","Castilla",84.3623229956198,75.7883838383838
"429","18","Corregimiento de Altavista",2.95325782682936,2.61475541036857
"430","18","Corregimiento de San Antonio de Prado",6.65087567867428,6.37806515723793
"431","18","Corregimiento de San Crist√≥bal",10.3404455660995,10.3607495331563
"432","18","Corregimiento de Santa Elena",4.20551713201855,3.8996540293649
"433","18","Doce de Octubre",23.6462864336548,23.3051230088335
"434","18","El Poblado",61.9705141981526,57.4590881441085
"435","18","Guayabal",65.4260195282774,61.2922292229223
"436","18","In",2.13206902832165,1.64073488045007
"437","18","La Am√©rica",29.0182862956503,28.3854154827247
"438","18","La Candelaria",149.138520499109,149.373737373737
"439","18","Laureles Estadio",91.6678879269994,81.5254545454546
"440","18","Manrique",27.1432249612719,27.3209962329121
"441","18","Popular",10.742649969348,11.8475329695174
"442","18","Robledo",54.0286586974711,53.2296479647965
"443","18","San Javier",14.9909866400614,14.8465259327051
"444","18","Santa Cruz",11.8450631024002,11.6128228376071
"445","18","Villa Hermosa",23.9996459500049,22.2755113817716
"446","19","",4.59409913758223,3.60495805669651
"447","19","Aranjuez",59.7822265433367,55.6508088964236
"448","19","AU",0.560975609756098,0.5
"449","19","Bel√©n",55.106829820223,51.7083333333333
"450","19","Buenos Aires",28.1603091542285,28.1757575502848
"451","19","Castilla",72.8161189736138,66.115516669314
"452","19","Corregimiento de Altavista",4.71673912885545,3.98923252787259
"453","19","Corregimiento de San Antonio de Prado",7.17005016915617,6.70913256293001
"454","19","Corregimiento de San Crist√≥bal",9.14012396972879,8.71463761514111
"455","19","Corregimiento de Santa Elena",4.0401301834896,3.71680944941116
"456","19","Doce de Octubre",28.8855572051559,27.7095038618811
"457","19","El Poblado",66.5289130855441,58.7097559303442
"458","19","Guayabal",61.793407618917,55.6119490628308
"459","19","In",2.52765888060006,2.32635746606335
"460","19","La Am√©rica",27.103631441875,26.0990301035858
"461","19","La Candelaria",145.360404040404,141.979797979798
"462","19","Laureles Estadio",84.0059971524344,77.4747474747475
"463","19","Manrique",32.0148502733194,31.7243294329433
"464","19","Popular",13.1742823607531,12.962363070179
"465","19","Robledo",60.5592914980196,57.1979731128453
"466","19","San Javier",16.1205806700073,15.4933610885493
"467","19","Santa Cruz",14.0892717778727,13.7720403892888
"468","19","Villa Hermosa",17.2572878974583,17.0026774333176
"469","19","Corregimiento de San Sebasti√°n de Palmitas",1.06012658227848,0.731012658227848
"470","20","",4.49421510792975,3.5813056137021
"471","20","Aranjuez",60.9248284772698,58.5890589058906
"472","20","Bel√©n",52.713100923122,50.4137213721372
"473","20","Buenos Aires",31.99251159139,31.0439334895384
"474","20","Castilla",75.3739950378852,68.9450565056506
"475","20","Corregimiento de Altavista",4.65855842483622,3.73907246285768
"476","20","Corregimiento de San Antonio de Prado",7.24163707719506,6.60466543427454
"477","20","Corregimiento de San Crist√≥bal",9.01906792992065,9.24773761996551
"478","20","Corregimiento de Santa Elena",3.86547630660673,3.44635339551358
"479","20","Doce de Octubre",21.5185045997091,20.5566979973868
"480","20","El Poblado",70.7817101216491,64.7368686868687
"481","20","Guayabal",61.1448400617045,56.6775247524753
"482","20","In",1.6219512195122,1.58474576271186
"483","20","La Am√©rica",27.6515554211277,26.967827092233
"484","20","La Candelaria",150.815454545455,149.060606060606
"485","20","Laureles Estadio",85.9613245118388,79.4808080808081
"486","20","Manrique",26.3468180692492,25.1898985362195
"487","20","Popular",11.1322351872044,10.8410506258567
"488","20","Robledo",60.6795615426457,56.6341414141414
"489","20","San Javier",14.7932238997838,14.5965462565798
"490","20","Santa Cruz",11.7235167662523,11.5386034738118
"491","20","Villa Hermosa",19.2646581137125,18.2505080559911
"492","21","",3.57466093620595,3.16651851180115
"493","21","Aranjuez",48.1072598852199,46.4761913250149
"494","21","Bel√©n",50.9447484448132,48.9083561927621
"495","21","Buenos Aires",28.3641739594794,27.2558014860956
"496","21","Castilla",69.3548045436178,62.8655555555556
"497","21","Corregimiento de Altavista",4.31149110319788,3.19077553124463
"498","21","Corregimiento de San Antonio de Prado",6.98513180169554,6.79016934756583
"499","21","Corregimiento de San Crist√≥bal",10.0220623559953,10.0977745813729
"500","21","Corregimiento de Santa Elena",4.81149110319788,3.77552129395649
"501","21","Doce de Octubre",18.1786608952435,17.6219264093147
"502","21","El Poblado",61.9722726899887,59.3718181818182
"503","21","Guayabal",50.4546742874885,48.8652700221478
"504","21","In",4.25051549344178,3.27552129395649
"505","21","La Am√©rica",24.5281157328416,22.8854974532541
"506","21","La Candelaria",139.402804280428,141.878787878788
"507","21","Laureles Estadio",85.1161060069812,77.7554755475548
"508","21","Manrique",28.8613708973842,28.2636271560126
"509","21","Popular",12.5672742569447,13.0586496131381
"510","21","Robledo",52.6110097826624,49.772533022533
"511","21","San Javier",14.1133940112035,13.6229667318711
"512","21","Santa Cruz",11.2879334838257,11.823589498926
"513","21","Villa Hermosa",19.3717823060542,17.9532196232157
"514","22","",4.96369270509744,4.14212349450784
"515","22","Aranjuez",43.4488317474804,41.3938185561675
"516","22","AU",1.06012658227848,0.731012658227848
"517","22","Bel√©n",52.9477457091206,51.7261266126613
"518","22","Buenos Aires",32.6675830125592,32.6184039412345
"519","22","Castilla",74.9684399406419,71.0658585858586
"520","22","Corregimiento de Altavista",3.92231523070641,2.81159467571447
"521","22","Corregimiento de San Antonio de Prado",5.68316377148628,5.51082024675988
"522","22","Corregimiento de San Crist√≥bal",10.2301345427276,9.54485102814611
"523","22","Corregimiento de Santa Elena",4.78760030939939,3.83905144436314
"524","22","Doce de Octubre",30.3277335745198,29.5280031995336
"525","22","El Poblado",66.9998406009128,65.2824771991762
"526","22","Guayabal",51.5640708357086,47.5908726166734
"527","22","In",2.19123793864091,1.72875021478893
"528","22","La Am√©rica",30.32210059525,29.2199992161378
"529","22","La Candelaria",149.280034734243,144.949494949495
"530","22","Laureles Estadio",78.8455367345599,72.2578257825783
"531","22","Manrique",26.5794594149949,25.7415140678381
"532","22","Popular",12.0646123958755,11.267741277022
"533","22","Robledo",56.1501432223842,51.2766471353018
"534","22","San Javier",17.0110837166406,16.3812588779825
"535","22","Santa Cruz",13.6190058389911,13.2461369454853
"536","22","Villa Hermosa",25.1449350945464,23.3729652361132
"537","23","",2.88312208022302,2.70176361651935
"538","23","Aranjuez",47.5448147292105,46.6980808080808
"539","23","Bel√©n",57.3691177345183,54.4454604295381
"540","23","Buenos Aires",33.2579036728345,32.2541293130932
"541","23","Castilla",71.4555676061317,64.9942424242424
"542","23","Corregimiento de Altavista",4.33066040437597,3.53998374885082
"543","23","Corregimiento de San Antonio de Prado",4.80353330849071,4.74870585918269
"544","23","Corregimiento de San Crist√≥bal",7.14832471830629,7.5636973551295
"545","23","Corregimiento de Santa Elena",3.62597266723337,3.2385605944928
"546","23","Doce de Octubre",21.4971579692224,20.7384420665587
"547","23","El Poblado",66.8160034597294,62.539896989699
"548","23","Guayabal",65.1035148736549,60.0328639334522
"549","23","In",0.5,0.584745762711864
"550","23","La Am√©rica",22.5599031488149,21.5161678547637
"551","23","La Candelaria",137.131714171417,131.272727272727
"552","23","Laureles Estadio",85.285127405763,78.0084967320261
"553","23","Manrique",24.9972194862768,24.4903152094815
"554","23","Popular",10.9466450497766,11.1573599584522
"555","23","Robledo",61.8918363102965,58.5353505350535
"556","23","San Javier",14.5810450223655,14.5239313673902
"557","23","Santa Cruz",12.5187611421677,12.4210819032383
"558","23","SN",0.5,0.584745762711864
"559","23","Villa Hermosa",20.7355727701953,19.7907254287571
"560","24","",2.19208696611853,2.08248331927295
"561","24","Aranjuez",43.008506651181,40.3977988678522
"562","24","Bel√©n",62.9509620788509,59.5305824700117
"563","24","Buenos Aires",31.4933611582622,31.181761332176
"564","24","Castilla",76.1895875467835,66.4963636363636
"565","24","Corregimiento de Altavista",5.91263126689328,5.16843684224699
"566","24","Corregimiento de San Antonio de Prado",8.15235395671873,7.20783837570159
"567","24","Corregimiento de San Crist√≥bal",10.030689048403,10.3990874486102
"568","24","Corregimiento de Santa Elena",3.54360742816727,2.80620062815266
"569","24","Doce de Octubre",22.2382718732135,21.9522120879982
"570","24","El Poblado",62.8228356345288,59.0189544391332
"571","24","Guayabal",60.8223264165843,58.6354415441544
"572","24","In",0.570135746606335,0.497737556561086
"573","24","La Am√©rica",22.0695086343874,21.5078768072886
"574","24","La Candelaria",153.489090909091,150.575757575758
"575","24","Laureles Estadio",85.221347467919,75.5858585858586
"576","24","Manrique",29.5899430847834,28.8967871032454
"577","24","Popular",13.7655782890164,13.3630249515115
"578","24","Robledo",47.2228744878074,45.6669458959471
"579","24","San Javier",17.1348234374238,16.9973705569016
"580","24","Santa Cruz",12.2101633091715,12.4475916774626
"581","24","SN",0.5,0.584745762711864
"582","24","Villa Hermosa",18.8384055029762,18.5769837247108
"583","25","",4.04313269215398,3.45642871774161
"584","25","Aranjuez",43.2482057426353,42.9569083694084
"585","25","Bel√©n",48.8336732798032,47.2558082194774
"586","25","Buenos Aires",24.3090217073724,22.9187668535463
"587","25","Castilla",67.9904279525748,61.7267121440651
"588","25","Corregimiento de Altavista",4.42372568045434,3.87345072863202
"589","25","Corregimiento de San Antonio de Prado",8.31513915657041,7.17904100331502
"590","25","Corregimiento de San Crist√≥bal",8.90278923401203,8.75039686931845
"591","25","Corregimiento de Santa Elena",6.02927584991155,5.56370497213833
"592","25","Doce de Octubre",21.8937946630484,20.7048795786977
"593","25","El Poblado",55.0707890318611,52.0380603383545
"594","25","Guayabal",44.2178049511201,42.784035102085
"595","25","In",1.63111135636243,1.58248331927295
"596","25","La Am√©rica",22.5014567482891,22.2798442589615
"597","25","La Candelaria",137.765864527629,136.937878787879
"598","25","Laureles Estadio",72.5811995037393,66.7830303030303
"599","25","Manrique",26.480095899107,25.5936108120273
"600","25","Popular",9.7704925755349,8.99294431787371
"601","25","Robledo",55.4898754546927,51.3652266403111
"602","25","San Javier",16.524690639732,16.3758198946017
"603","25","Santa Cruz",11.45066841104,11.317333093886
"604","25","Villa Hermosa",17.0564577716236,16.3343858724651
"605","26","",3.53959047178644,3.67457571454371
"606","26","Aranjuez",54.2151820525108,52.9036666870571
"607","26","AU",0.5,0.584745762711864
"608","26","Bel√©n",50.6142401955108,50.1020499108734
"609","26","Buenos Aires",29.7103889951156,28.661090039162
"610","26","Castilla",70.8106421182813,65.9607070707071
"611","26","Corregimiento de Altavista",4.06192770186775,3.3864215039867
"612","26","Corregimiento de San Antonio de Prado",4.32234929500335,3.89597929677375
"613","26","Corregimiento de San Crist√≥bal",10.644472255837,10.3720371828641
"614","26","Corregimiento de Santa Elena",2.89228221707326,2.69950117308044
"615","26","Doce de Octubre",21.9574638883065,20.8244055244475
"616","26","El Poblado",61.9824409284586,57.2681268126813
"617","26","Guayabal",56.9094343582799,53.4344704470447
"618","26","In",1,1.16949152542373
"619","26","La Am√©rica",22.8615205905206,20.8417373814988
"620","26","La Candelaria",142.393689864132,144.262626262626
"621","26","Laureles Estadio",85.5600406787623,78.2727272727273
"622","26","Manrique",27.2214520014001,25.7161009260582
"623","26","Popular",14.0406839892134,13.7971272767327
"624","26","Robledo",54.4046851680004,53.3795379537954
"625","26","San Javier",14.5035126047602,13.5437633188525
"626","26","Santa Cruz",11.9407155941491,11.930052389465
"627","26","Villa Hermosa",21.7746192171551,20.885283220021
"628","27","",5.03580455201343,4.94511492957111
"629","27","Aranjuez",52.5892189724974,50.8405220522052
"630","27","Bel√©n",58.2497188714775,54.4750935093509
"631","27","Buenos Aires",25.6764965711817,25.4032420090785
"632","27","Castilla",68.8568960279487,62.1931313131313
"633","27","Corregimiento de Altavista",4.95798657886801,4.43227209109562
"634","27","Corregimiento de San Antonio de Prado",7.07307500468446,7.02643694815299
"635","27","Corregimiento de San Crist√≥bal",9.96567749521777,8.6439971402611
"636","27","Corregimiento de Santa Elena",5.98416050517902,5.75508509704267
"637","27","Doce de Octubre",22.5851267756892,21.5821258836467
"638","27","El Poblado",60.4630133591629,55.5194949494949
"639","27","Guayabal",65.45163706421,61.6950695069507
"640","27","La Am√©rica",32.3555576608438,30.5177147714771
"641","27","La Candelaria",147.333333333333,147.69696969697
"642","27","Laureles Estadio",85.0175923860545,77.0340404040404
"643","27","Manrique",23.2661709780554,22.7904451968289
"644","27","Popular",11.919231380695,11.9632548926817
"645","27","Robledo",53.0249469630415,51.1288632392651
"646","27","San Javier",18.4723897334077,17.8616056566531
"647","27","Santa Cruz",11.7461507385466,11.7328831077605
"648","27","Villa Hermosa",19.5431856029556,18.8509420280229
"649","28","",3.82061449345452,3.67766817778946
"650","28","Aranjuez",56.8446602832196,52.2705270527053
"651","28","Bel√©n",56.0860037425872,49.6734006734007
"652","28","Buenos Aires",34.494949599729,34.0314935064935
"653","28","Castilla",79.8609679239825,71.6223272327233
"654","28","Corregimiento de Altavista",5.30553675601025,5.60204042071549
"655","28","Corregimiento de San Antonio de Prado",5.00007259717741,4.3402421759658
"656","28","Corregimiento de San Crist√≥bal",13.5049694360593,12.8302770653356
"657","28","Corregimiento de Santa Elena",4.76151732191122,4.95468308867599
"658","28","Doce de Octubre",22.413359483816,22.0309734664116
"659","28","El Poblado",63.1456349086568,59.8613560482262
"660","28","Guayabal",60.496694820424,55.8819717213783
"661","28","In",0.570135746606335,0.497737556561086
"662","28","La Am√©rica",23.5207467764471,23.3240903086047
"663","28","La Candelaria",138.19003574803,132.610101010101
"664","28","Laureles Estadio",79.1158315241302,71.1331313131313
"665","28","Manrique",24.9358791783003,24.2689296610036
"666","28","Popular",12.5730478251197,12.1277734953444
"667","28","Robledo",54.5378560163878,51.3743634363436
"668","28","San Javier",14.5003722560224,13.9204035625907
"669","28","Santa Cruz",11.6907345693809,11.4613100801554
"670","28","Villa Hermosa",24.0303040479451,23.8866891350016
"671","29","",2.95467667184717,2.37847028534649
"672","29","Aranjuez",53.2849065226014,50.8635063369272
"673","29","Bel√©n",53.6138856879864,50.4230303030303
"674","29","Buenos Aires",37.5774345798437,36.3799293207448
"675","29","Castilla",68.5502095337548,62.7229292929293
"676","29","Corregimiento de Altavista",3.5234068855704,3.37237901679577
"677","29","Corregimiento de San Antonio de Prado",6.94033531929142,7.13476471881592
"678","29","Corregimiento de San Crist√≥bal",11.2460596799772,10.1616977400572
"679","29","Corregimiento de Santa Elena",3.69610841383971,3.15155238834202
"680","29","Doce de Octubre",24.1380434179864,22.3221458415602
"681","29","El Poblado",62.6151048130317,58.7793759375938
"682","29","Guayabal",62.8169112928153,60.7486868686869
"683","29","In",2.36679312822193,2.38658392069449
"684","29","La Am√©rica",33.3034766242095,32.0901864226681
"685","29","La Candelaria",154.146881435716,148.89898989899
"686","29","Laureles Estadio",81.1155664565763,74.1423307844803
"687","29","Manrique",24.6858327363338,23.8868218712607
"688","29","Popular",17.648549165223,16.7051412418281
"689","29","Robledo",55.9757911849852,55.9247047397047
"690","29","San Javier",18.6743436204724,18.5064743719615
"691","29","Santa Cruz",12.0608254659933,11.0998203659479
"692","29","Villa Hermosa",20.8425821766972,20.0721680650015
"693","30","",2.67630909647543,2.29265281079837
"694","30","Aranjuez",45.3291044655737,42.9733757745522
"695","30","Bel√©n",65.6791194876361,59.0744444444444
"696","30","Buenos Aires",32.8411754778501,31.9385167216128
"697","30","Castilla",76.5650256851277,69.4269146914692
"698","30","Corregimiento de Altavista",5.15872300954606,4.75303075520472
"699","30","Corregimiento de San Antonio de Prado",7.79194823384136,8.40938375121713
"700","30","Corregimiento de San Crist√≥bal",7.17438860337662,6.8120694415881
"701","30","Corregimiento de Santa Elena",4.5651998820137,3.84803051203533
"702","30","Doce de Octubre",21.9272676503556,21.3537322304729
"703","30","El Poblado",72.6836545526921,67.2804280428043
"704","30","Guayabal",66.1718820448894,60.5121212121212
"705","30","In",0.5,0.584745762711864
"706","30","La Am√©rica",31.1321876909817,30.4929764624814
"707","30","La Candelaria",149.671515151515,145.347373737374
"708","30","Laureles Estadio",94.8529756821836,85.1492929292929
"709","30","Manrique",25.7376886153759,24.2261365201222
"710","30","Popular",10.6142850342486,10.6896469954561
"711","30","Robledo",56.1949649026693,51.6207070707071
"712","30","San Javier",16.3246687215354,15.4467273490819
"713","30","Santa Cruz",15.2842380883315,14.6625866328247
"714","30","Villa Hermosa",27.6265170096109,25.6093121229023
"715","30","Perpetuo Socorro",1.06012658227848,0.731012658227848
"716","30","Rosales",1.06012658227848,0.731012658227848
"717","31","",3.14634822169928,2.6421471696023
"718","31","Aranjuez",54.1344437581841,51.2903210321032
"719","31","Bel√©n",49.3660147029553,46.9629438364397
"720","31","Buenos Aires",34.0914539234934,33.4341750841751
"721","31","Castilla",80.9283623473778,71.8992752216398
"722","31","Corregimiento de Altavista",3.32234929500335,2.72648777135002
"723","31","Corregimiento de San Antonio de Prado",6.48438165106015,6.58525914148631
"724","31","Corregimiento de San Crist√≥bal",11.0263581458162,10.8106632041066
"725","31","Corregimiento de Santa Elena",5.80866304889923,4.96047604508772
"726","31","Doce de Octubre",29.412791830081,29.713409999385
"727","31","El Poblado",71.2343909506633,66.148301830183
"728","31","Guayabal",63.6709974445992,60.2344147355912
"729","31","In",2.19123793864091,1.72875021478893
"730","31","La Am√©rica",25.3371231275248,24.3011043185767
"731","31","La Candelaria",142.722689155708,134.643535353535
"732","31","Laureles Estadio",84.1050989341052,79.3998149814982
"733","31","Manrique",29.568654774277,28.4264372445648
"734","31","Popular",13.3240009098048,13.202946055856
"735","31","Robledo",59.6276320408921,57.0999940582294
"736","31","San Javier",18.9658406786686,17.7301361240199
"737","31","Santa Cruz",14.5377919658534,14.5229283451396
"738","31","Villa Hermosa",20.3511308502912,19.2847720467317
"739","31","Cabecera San Antonio de Prado",1.06012658227848,0.731012658227848
"740","31","El Chagualo",1.06012658227848,0.731012658227848
"741","31","Guayaquil",1.06012658227848,0.731012658227848
"742","31","La Rosa",1.06012658227848,0.731012658227848
"743","31","Las Esmeraldas",1.06012658227848,0.731012658227848
"744","31","Miranda",1.06012658227848,0.731012658227848
"745","31","San Pedro",1.06012658227848,0.731012658227848
"746","32","",2.24978175469227,2.10896541413336
"747","32","Aranjuez",50.8475426205636,48.8713058012783
"748","32","AU",0.560975609756098,0.5
"749","32","Bel√©n",58.7316832267014,55.231061193498
"750","32","Buenos Aires",37.1412264602514,37.1459215921592
"751","32","Castilla",77.1412694055199,69.016201620162
"752","32","Corregimiento de Altavista",3.05644830063573,3.17979091388814
"753","32","Corregimiento de San Antonio de Prado",5.76231027462175,5.7411424397521
"754","32","Corregimiento de San Crist√≥bal",11.1159697798103,11.7248492385401
"755","32","Corregimiento de Santa Elena",3.87275923502609,3.72492138967712
"756","32","Doce de Octubre",26.1515774223729,24.5788337621043
"757","32","El Poblado",61.9251210105313,59.9535353535354
"758","32","Guayabal",53.6385890873787,50.6181788178818
"759","32","In",1.14027149321267,0.995475113122172
"760","32","La Am√©rica",25.5759662684254,24.3952311450904
"761","32","La Candelaria",148.063219574385,144.689595959596
"762","32","Laureles Estadio",85.9491529633604,77.6213131313131
"763","32","Manrique",23.3404747456403,21.8260575077116
"764","32","Popular",16.7877046696699,16.2851472374296
"765","32","Robledo",57.802178586972,54.5451765176518
"766","32","San Javier",13.340704873068,13.0112670273648
"767","32","Santa Cruz",14.2437976621648,13.9133207469414
"768","32","Villa Hermosa",26.5102449146422,25.8682768107776
"769","32","Corregimiento de San Sebasti√°n de Palmitas",0.570135746606335,0.497737556561086
"770","32","Alfonso L√≥pez",1.06012658227848,0.731012658227848
"771","32","Patio Bonito",1.06012658227848,0.731012658227848
"772","32","Veinte de Julio",1.06012658227848,0.731012658227848
"773","33","",5.10027221202757,5.23424549187084
"774","33","Aranjuez",44.7651672108125,45.5481602917573
"775","33","AU",0.570135746606335,0.497737556561086
"776","33","Bel√©n",66.2499463411526,60.0748663101604
"777","33","Buenos Aires",33.5021988520485,32.4024687809811
"778","33","Castilla",76.0636631016043,66.5566216621662
"779","33","Corregimiento de Altavista",3.24900010530557,2.83112420942386
"780","33","Corregimiento de San Antonio de Prado",5.91801886770433,5.05967091349915
"781","33","Corregimiento de San Crist√≥bal",7.67182208623549,8.06887648453208
"782","33","Corregimiento de Santa Elena",6.95598006651508,6.31261890069414
"783","33","Doce de Octubre",21.8674821244127,20.7064391510305
"784","33","El Poblado",77.0602527071834,69.3030303030303
"785","33","Guayabal",62.7698030178982,59.2109540954095
"786","33","In",2.70039807549115,2.31123353406188
"787","33","La Am√©rica",21.633917640871,20.9147325876571
"788","33","La Candelaria",147.24304030403,143.107210721072
"789","33","Laureles Estadio",80.8761088514866,72.1616161616162
"790","33","Manrique",26.5607141766741,25.2250844314463
"791","33","Popular",9.67232205228974,10.2935273564985
"792","33","Robledo",57.7698331327665,52.9260396039604
"793","33","San Javier",15.1814719261397,14.7985460326916
"794","33","Santa Cruz",10.8891352527786,11.1192238061307
"795","33","Villa Hermosa",17.6637841556656,17.3701452628148
"796","33","0",0.5,0.584745762711864
"797","33","Corregimiento de San Sebasti√°n de Palmitas",0.570135746606335,0.497737556561086
"798","33","Boston",1.06012658227848,0.731012658227848
"799","33","Cerro Nutibara",1.06012658227848,0.731012658227848
"800","33","Estaci√≥n Villa",1.06012658227848,0.731012658227848
"801","33","Jes√∫s Nazareno",1.06012658227848,0.731012658227848
"802","34","",6.28874192871644,5.63490352610632
"803","34","Aranjuez",50.3508739388783,46.9228465655165
"804","34","Bel√©n",55.8725515437042,53.0254545454545
"805","34","Buenos Aires",31.7307620952039,31.5558938857115
"806","34","Castilla",75.530336948019,69.142696269627
"807","34","Corregimiento de Altavista",2.39455008956869,2.23220338983051
"808","34","Corregimiento de San Antonio de Prado",5.63679401399458,5.76520063726809
"809","34","Corregimiento de San Crist√≥bal",11.1233755595029,11.2208018358233
"810","34","Corregimiento de Santa Elena",4.24863229672665,3.78947150391302
"811","34","Doce de Octubre",22.80963406301,22.5329050212254
"812","34","El Poblado",59.89840647998,55.1131113111311
"813","34","Guayabal",56.7193856698946,51.671698169817
"814","34","In",3.18122877431306,2.54677107916756
"815","34","La Am√©rica",28.3409316258025,27.8421378297725
"816","34","La Candelaria",140.571867186719,138.720606060606
"817","34","Laureles Estadio",87.3132394415912,78.7713131313131
"818","34","Manrique",23.4522357875742,21.8239407149392
"819","34","Popular",15.5377493569705,15.0790617817844
"820","34","Robledo",56.6730469528575,54.9798752228164
"821","34","San Javier",11.2530458010076,10.9948088089048
"822","34","Santa Cruz",10.8187510418631,11.6084660146225
"823","34","Villa Hermosa",26.5331437011923,24.3579511605459
"824","34","0",0.5,0.584745762711864
"825","34","Corregimiento de San Sebasti√°n de Palmitas",1.06012658227848,0.731012658227848
"826","34","Calle Nueva",1.06012658227848,0.731012658227848
"827","34","Campo Vald√©s No. 1",1.06012658227848,0.731012658227848
"828","34","Caribe",1.06012658227848,0.731012658227848
"829","34","Los Conquistadores",1.06012658227848,0.731012658227848
"830","34","Moravia",1.06012658227848,0.731012658227848
"831","34","Rosales",1.06012658227848,0.731012658227848
"832","35","",2.86388670338316,2.78804822645466
"833","35","Aranjuez",57.675463144093,55.3846464646465
"834","35","Bel√©n",61.4258467425666,56.8677777777778
"835","35","Buenos Aires",35.0422131097417,34.012914019767
"836","35","Castilla",74.1151016948234,66.8689304812834
"837","35","Corregimiento de Altavista",2.10833333333333,2.2409200968523
"838","35","Corregimiento de San Antonio de Prado",6.82198837732362,5.98853720135553
"839","35","Corregimiento de San Crist√≥bal",9.55289910871301,10.5444654641183
"840","35","Corregimiento de Santa Elena",6.29293430995721,6.09595607346586
"841","35","Doce de Octubre",19.8048059906453,18.8289656805373
"842","35","El Poblado",58.4977131952278,54.3870981952564
"843","35","Guayabal",62.5489499620631,56.6093107546049
"844","35","In",1.86679312822193,1.80183815798263
"845","35","La Am√©rica",22.3574361774631,21.7406814749313
"846","35","La Candelaria",156.878095809581,147.026565656566
"847","35","Laureles Estadio",82.7667701025364,74.3636363636364
"848","35","Manrique",24.6474108992327,24.3493699584404
"849","35","Popular",17.0551163845716,15.8319371419676
"850","35","Robledo",59.0420664562923,56.1396298630973
"851","35","San Javier",15.4056285370857,15.3262127469982
"852","35","Santa Cruz",8.67281372069044,8.14549523639321
"853","35","Villa Hermosa",23.4308970828801,22.9879457095856
"854","35","Calle Nueva",1.06012658227848,0.731012658227848
"855","35","Coraz√≥n de Jes√∫s",1.06012658227848,0.731012658227848
"856","35","La Colina",1.06012658227848,0.731012658227848
"857","35","Laureles",1.06012658227848,0.731012658227848
"858","35","Oleoducto",1.06012658227848,0.731012658227848
"859","35","Villa Guadalupe",1.06012658227848,0.731012658227848
"860","36","",4.60763525892042,3.82374947230381
"861","36","Aranjuez",53.4999630711474,53.6562968061512
"862","36","Bel√©n",59.6663196012279,52.4845632798574
"863","36","Buenos Aires",36.4733189432254,35.1439564281058
"864","36","Castilla",70.2268030383592,63.9927669237512
"865","36","Corregimiento de Altavista",2.77053382209749,2.22422532791111
"866","36","Corregimiento de San Antonio de Prado",7.49734182956059,8.09995600030534
"867","36","Corregimiento de San Crist√≥bal",10.365612394029,9.96982553705303
"868","36","Corregimiento de Santa Elena",4.71679489358493,4.42560937956265
"869","36","Doce de Octubre",19.4263600291394,18.1805066508862
"870","36","El Poblado",76.9669550629364,72.3983838383838
"871","36","Guayabal",67.3782082404554,62.8216151615161
"872","36","In",2.20124710296877,2.08022087583404
"873","36","La Am√©rica",25.9553578262194,26.2469464601646
"874","36","La Candelaria",141.048157301167,138.434343434343
"875","36","Laureles Estadio",95.3745197435937,88.7676767676768
"876","36","Manrique",30.8263231930695,29.2645663007105
"877","36","Popular",16.1966170894198,15.6417642026364
"878","36","Robledo",58.3817879839328,55.6187391680345
"879","36","San Javier",18.4047703236565,17.8356491886167
"880","36","Santa Cruz",12.2345545914114,12.6443740110938
"881","36","Villa Hermosa",22.6053928859422,22.3883947093706
"882","36","La Alpujarra",1.06012658227848,0.731012658227848
"883","36","Universidad de Antioquia",1.06012658227848,0.731012658227848
"884","37","",1.63111135636243,1.58248331927295
"885","37","Aranjuez",57.2095457368023,55.4311211121112
"886","37","AU",1.63111135636243,1.58248331927295
"887","37","Bel√©n",58.4638660568834,56.5222222222222
"888","37","Buenos Aires",28.6928491510316,26.6402060956307
"889","37","Castilla",79.4463805591333,74.1215121512151
"890","37","Corregimiento de Altavista",3.31318915815311,2.72875021478893
"891","37","Corregimiento de San Antonio de Prado",7.44831143240521,7.01314912348502
"892","37","Corregimiento de San Crist√≥bal",8.74540965209986,9.37928631545538
"893","37","Corregimiento de Santa Elena",4.39508922417334,3.72741464333951
"894","37","Doce de Octubre",23.750641957886,23.4455589328665
"895","37","El Poblado",68.2927147499905,63.0036363636364
"896","37","Guayabal",63.9199725969154,60.4125252525252
"897","37","In",0.5,0.584745762711864
"898","37","La Am√©rica",31.3407072722211,32.0736927742619
"899","37","La Candelaria",150.864747474747,142.929292929293
"900","37","Laureles Estadio",89.2359568390004,83.1010101010101
"901","37","Manrique",25.0767877020033,23.6161829516285
"902","37","Popular",13.9262747353298,13.864182071576
"903","37","Robledo",65.1251348524644,58.1691305052835
"904","37","San Javier",17.4337146170248,16.502261081487
"905","37","Santa Cruz",12.7425483391,12.9544483737804
"906","37","Villa Hermosa",22.2160188157045,20.9834673050864
"907","37","Calasanz",1.06012658227848,0.731012658227848
"908","37","El Raizal",1.06012658227848,0.731012658227848
"909","37","Las Palmas",1.06012658227848,0.731012658227848
"910","38","",3.93317342251188,3.51679844124359
"911","38","Aranjuez",41.226931575442,39.8952325669837
"912","38","Bel√©n",51.1209473374522,49.9472727272727
"913","38","Buenos Aires",25.0928955548464,23.9433820276174
"914","38","Castilla",81.3899040440169,75.5151515151515
"915","38","Corregimiento de Altavista",5.74393078696025,4.95627232995322
"916","38","Corregimiento de San Antonio de Prado",6.12362840933695,4.45632272400701
"917","38","Corregimiento de San Crist√≥bal",8.03468620619447,8.62658499517911
"918","38","Corregimiento de Santa Elena",2.96383680869741,2.37620784190758
"919","38","Doce de Octubre",23.1110462920729,21.6737024275144
"920","38","El Poblado",68.6574307573592,64.2919191919192
"921","38","Guayabal",58.0258544287011,51.5615475665214
"922","38","In",0.560975609756098,0.5
"923","38","La Am√©rica",25.2927555934226,25.2657710101925
"924","38","La Candelaria",149.447954854309,146.606060606061
"925","38","Laureles Estadio",85.6333541659932,72.939797979798
"926","38","Manrique",25.7108538253643,26.6323913438862
"927","38","Popular",14.0678510624837,13.8855848243068
"928","38","Robledo",62.2106382917307,56.4362832205551
"929","38","San Javier",18.3842524656134,17.1657073067456
"930","38","Santa Cruz",12.4595509866318,11.415746660061
"931","38","Villa Hermosa",23.8160786967662,22.6227461603303
"932","38","Bolivariana",1.06012658227848,0.731012658227848
"933","38","Cerro Nutibara",1.06012658227848,0.731012658227848
"934","38","Guayaquil",1.06012658227848,0.731012658227848
"935","39","",4.91085675390412,3.9192171534427
"936","39","Aranjuez",49.5347009844839,47.5954248366013
"937","39","Bel√©n",59.1042018729904,56.0773247324732
"938","39","Buenos Aires",30.7081030758177,30.0082432382432
"939","39","Castilla",75.7880657329969,69.6191697405035
"940","39","Corregimiento de Altavista",2.62110219203458,2.40050418365158
"941","39","Corregimiento de San Antonio de Prado",7.08977704842072,7.24641329353448
"942","39","Corregimiento de San Crist√≥bal",8.47516487434517,9.16541255728537
"943","39","Corregimiento de Santa Elena",2.87194265220595,2.75219640224625
"944","39","Doce de Octubre",23.1049672298946,21.4007344654633
"945","39","El Poblado",71.5701878537,64.2998930481283
"946","39","Guayabal",66.0211705074272,60.6736813681368
"947","39","In",0.5,0.584745762711864
"948","39","La Am√©rica",29.7450566620837,28.5228777254816
"949","39","La Candelaria",146.242337662338,147.909090909091
"950","39","Laureles Estadio",83.8621620222885,73.7629292929293
"951","39","Manrique",27.9955922690363,26.9226288806063
"952","39","Popular",13.4099136984578,12.6538114609633
"953","39","Robledo",58.2394079424871,56.975482936072
"954","39","San Javier",12.8972586106478,13.2375585034772
"955","39","Santa Cruz",12.0706720585546,12.5396690477632
"956","39","Villa Hermosa",28.1385125921848,26.9873736559271
"957","39","Campo Vald√©s No. 2",1.06012658227848,0.731012658227848
"958","39","Las Granjas",1.06012658227848,0.731012658227848
"959","40","",2.5976152597376,2.03533481719896
"960","40","Aranjuez",54.111113578147,51.1879187918792
"961","40","Bel√©n",60.088909858715,57.0136613661366
"962","40","Buenos Aires",31.3629522058146,30.3362698302797
"963","40","Castilla",76.0989891079894,65.3923392339234
"964","40","Corregimiento de Altavista",4.54192131401789,4.11864323675648
"965","40","Corregimiento de San Antonio de Prado",5.86503842265069,5.11811151762272
"966","40","Corregimiento de San Crist√≥bal",8.9850637988431,9.09570219272612
"967","40","Corregimiento de Santa Elena",5.64601364758692,6.29104905599436
"968","40","Doce de Octubre",20.5371393256323,20.3082745026194
"969","40","El Poblado",57.3006033658784,54.1326429785836
"970","40","Guayabal",63.015137072338,56.6213301330133
"971","40","In",2.45325782682936,2.03000964765671
"972","40","La Am√©rica",30.0239309997999,28.7578302466338
"973","40","La Candelaria",134.724329432943,135.525252525253
"974","40","Laureles Estadio",84.3787261975497,76.989898989899
"975","40","Manrique",26.6484036284837,25.1889474424345
"976","40","Popular",15.2730687452232,15.169024987579
"977","40","Robledo",53.655675241824,49.6762876287629
"978","40","San Javier",17.3401088553248,16.3716626493276
"979","40","Santa Cruz",10.7698295369089,10.0691756511183
"980","40","Villa Hermosa",18.681092007418,18.2921371342958
"981","40","Caribe",1.06012658227848,0.731012658227848
"982","40","Los Mangos",1.06012658227848,0.731012658227848
"983","40","Manila",1.06012658227848,0.731012658227848
"984","41","",6.10729945733586,4.72588879089402
"985","41","Aranjuez",44.1805333117278,42.8450311697836
"986","41","Bel√©n",61.7746380895938,56.2718181818182
"987","41","Buenos Aires",28.5794596022878,26.7038220617004
"988","41","Castilla",77.6876119766494,71.5820512051205
"989","41","Corregimiento de Altavista",5.24531072865095,4.19759987129411
"990","41","Corregimiento de San Antonio de Prado",8.46358293320058,7.5229833558843
"991","41","Corregimiento de San Crist√≥bal",9.95995141975959,9.67862133001432
"992","41","Corregimiento de Santa Elena",3.65152493150175,3.51463855278484
"993","41","Doce de Octubre",17.170672279652,15.0577455213496
"994","41","El Poblado",58.8963511336472,54.6737373737374
"995","41","Guayabal",58.3560633184322,54.5606917293671
"996","41","In",1.69208696611853,1.49773755656109
"997","41","La Am√©rica",29.9315213067655,29.2839493949395
"998","41","La Candelaria",151.388484848485,150.73696969697
"999","41","Laureles Estadio",82.8965983068895,76.8847474747475
"1000","41","Manrique",30.0591466317034,29.4394607648467
"1001","41","Popular",14.1361086484984,14.2957017559413
"1002","41","Robledo",56.7836331162388,53.5917210567211
"1003","41","San Javier",16.1079532625392,15.6261393913536
"1004","41","Santa Cruz",11.5251659930616,11.4820722359126
"1005","41","Villa Hermosa",20.225063261349,20.3762479105053
"1006","41","Antonio Nari√±o",1.06012658227848,0.731012658227848
"1007","41","Boston",1.06012658227848,0.731012658227848
"1008","41","El Nogal-Los Almendros",1.06012658227848,0.731012658227848
"1009","41","La Alpujarra",1.06012658227848,0.731012658227848
"1010","41","La Floresta",1.06012658227848,0.731012658227848
"1011","41","Las Esmeraldas",1.06012658227848,0.731012658227848
"1012","42","",3.9274707928584,3.05820000356076
"1013","42","Aranjuez",48.5478079071074,46.714510156898
"1014","42","Bel√©n",60.0708942909359,57.1244254425443
"1015","42","Buenos Aires",24.104334673151,23.6277920552056
"1016","42","Castilla",73.5063033211052,64.3851320901321
"1017","42","Corregimiento de Altavista",1.93692887482827,1.71482995183185
"1018","42","Corregimiento de San Antonio de Prado",8.29472213580047,8.63837771537301
"1019","42","Corregimiento de San Crist√≥bal",8.37678950222626,8.62311753044216
"1020","42","Corregimiento de Santa Elena",4.36415560358135,3.4620253164557
"1021","42","Doce de Octubre",21.7456925774627,20.5515143675935
"1022","42","El Poblado",64.6722316289956,58.2496825604891
"1023","42","Guayabal",63.1072409897263,58.8666706670667
"1024","42","In",1.61070110701107,2.15865880619013
"1025","42","La Am√©rica",26.2017519137776,25.1248385345014
"1026","42","La Candelaria",148.219122912291,143.626262626263
"1027","42","Laureles Estadio",82.790470224297,73.9941414141414
"1028","42","Manrique",24.2853469030222,23.3727588204299
"1029","42","Popular",8.75924760981394,8.34506633405781
"1030","42","Robledo",59.419555415525,57.6152236652237
"1031","42","San Javier",13.3587927334747,12.9601516151744
"1032","42","Santa Cruz",11.0497289454578,10.7687790668719
"1033","42","Villa Hermosa",22.6022074632062,20.955003102184
"1034","42","Cristo Rey",1.06012658227848,0.731012658227848
"1035","42","F√°tima",1.06012658227848,0.731012658227848
"1036","42","Parque Juan Pablo II",1.06012658227848,0.731012658227848
"1037","42","Santa F√©",1.06012658227848,0.731012658227848
"1038","42","Santa In√©s",1.06012658227848,0.731012658227848
"1039","43","",4.17313601830258,4.03788648854219
"1040","43","Aranjuez",57.4663379157995,54.3144762055391
"1041","43","Bel√©n",43.6055112772367,41.2120763716955
"1042","43","Buenos Aires",26.6445406977878,25.5117296440826
"1043","43","Castilla",77.3784540084052,69.4371187118712
"1044","43","Corregimiento de Altavista",4.77759114507154,3.48758078331803
"1045","43","Corregimiento de San Antonio de Prado",5.9774106112614,5.75208234390176
"1046","43","Corregimiento de San Crist√≥bal",9.96972728292051,9.96059091985516
"1047","43","Corregimiento de Santa Elena",6.16881519660325,6.10835705073557
"1048","43","Doce de Octubre",21.5952016782835,20.9165896797466
"1049","43","El Poblado",64.0606718712414,59.8809520952095
"1050","43","Guayabal",67.4696724000312,63.9081818181818
"1051","43","In",2.13026232888482,1.8134959775008
"1052","43","La Am√©rica",21.9314452848283,21.3685949129932
"1053","43","La Candelaria",142.841111111111,140.363636363636
"1054","43","Laureles Estadio",83.637130068147,75.4669696969697
"1055","43","Manrique",31.2639512000947,29.9003567023369
"1056","43","Popular",12.7443612593762,12.5253234897789
"1057","43","Robledo",53.052516468352,53.1475816993464
"1058","43","San Javier",20.2004378661441,20.0136982239884
"1059","43","Santa Cruz",16.0522461349271,14.9914050912707
"1060","43","SN",0.560975609756098,0.5
"1061","43","Villa Hermosa",21.2598464964155,20.9731809657796
"1062","43","Oleoducto",1.06012658227848,0.731012658227848
"1063","44","",3.18276099370414,2.77396554678978
"1064","44","Aranjuez",43.4292114099662,43.5311421142114
"1065","44","Bel√©n",52.2260738600523,48.8489185977421
"1066","44","Buenos Aires",30.5932503873562,29.770178240311
"1067","44","Castilla",74.0426526954489,64.9935175282234
"1068","44","Corregimiento de Altavista",4.14369249478483,3.63066668759275
"1069","44","Corregimiento de San Antonio de Prado",5.60164403479487,5.27835541184358
"1070","44","Corregimiento de San Crist√≥bal",8.41756687910565,8.42632214263235
"1071","44","Corregimiento de Santa Elena",4.95336230455799,4.54628938471876
"1072","44","Doce de Octubre",30.5036067171661,30.3262477492734
"1073","44","El Poblado",50.7395748274092,51.1930617819063
"1074","44","Guayabal",64.6454908296977,60.2245587374271
"1075","44","In",2.3730468402334,2.20104002030388
"1076","44","La Am√©rica",25.8054288226163,24.7086974580074
"1077","44","La Candelaria",150.082887700535,147.971818181818
"1078","44","Laureles Estadio",80.2230239052569,76.619595959596
"1079","44","Manrique",21.0313770371376,20.171275356788
"1080","44","Popular",13.0534888399347,13.1304737703643
"1081","44","Robledo",52.737370978708,50.0550001619237
"1082","44","San Javier",16.9948814690854,16.6339121623999
"1083","44","Santa Cruz",11.1524446682893,10.9619926187401
"1084","44","Villa Hermosa",21.0669106324387,20.0045962455686
"1085","44","Corregimiento de San Sebasti√°n de Palmitas",1.06012658227848,0.731012658227848
"1086","44","Alejandro Echavarr√≠a",1.06012658227848,0.731012658227848
"1087","44","Naranjal",1.06012658227848,0.731012658227848
"1088","44","Suramericana",1.06012658227848,0.731012658227848
"1089","45","",3.88227305274541,3.51752203745906
"1090","45","Aranjuez",49.9933789059757,48.4641233354105
"1091","45","AU",0.5,0.584745762711864
"1092","45","Bel√©n",47.8428206807785,47.1540904090409
"1093","45","Buenos Aires",25.3947310704981,23.4449307124315
"1094","45","Castilla",81.4662835756795,72.4450505050505
"1095","45","Corregimiento de Altavista",3.48789532025651,3.03285081621048
"1096","45","Corregimiento de San Antonio de Prado",6.14269310531002,5.36607732395066
"1097","45","Corregimiento de San Crist√≥bal",6.36649115716294,5.7598206086627
"1098","45","Corregimiento de Santa Elena",5.42018848795066,4.8230097953267
"1099","45","Doce de Octubre",19.2154642223511,18.6719929731408
"1100","45","El Poblado",61.4878435862476,58.0379502606001
"1101","45","Guayabal",54.3960821707165,53.741079990352
"1102","45","In",0.560975609756098,0.5
"1103","45","La Am√©rica",22.9391063657517,21.9675568911268
"1104","45","La Candelaria",134.327922077922,133.89898989899
"1105","45","Laureles Estadio",88.3865042693668,79.8888888888889
"1106","45","Manrique",25.6983035513315,25.0066708792566
"1107","45","Popular",11.7496211389658,11.5289461038029
"1108","45","Robledo",55.7833399466274,50.8866962167915
"1109","45","San Javier",14.3204697375171,14.3015313874813
"1110","45","Santa Cruz",16.9770945641287,16.0774530716297
"1111","45","Villa Hermosa",24.7030763900131,23.8868775522008
"1112","45","Corregimiento de San Sebasti√°n de Palmitas",1.06012658227848,0.731012658227848
"1113","46","",4.54928365588278,3.85532759232949
"1114","46","Aranjuez",44.2031288588528,41.7973409946037
"1115","46","Bel√©n",57.5978166635071,54.1948084808481
"1116","46","Buenos Aires",34.9778792639992,33.7989038028142
"1117","46","Castilla",80.747575101797,73.1258585858586
"1118","46","Corregimiento de Altavista",3.74371471874555,3.30385351880865
"1119","46","Corregimiento de San Antonio de Prado",7.79911764397941,6.50883209334808
"1120","46","Corregimiento de San Crist√≥bal",9.03191716358071,8.96814959845356
"1121","46","Corregimiento de Santa Elena",6.96880570499449,7.0392727514464
"1122","46","Doce de Octubre",21.3568226379572,19.977250848941
"1123","46","El Poblado",64.3160598372684,59.6031313131313
"1124","46","Guayabal",64.4711519486618,59.6419013666073
"1125","46","In",1.62110219203458,1.23101265822785
"1126","46","La Am√©rica",33.409156133202,32.3665341795312
"1127","46","La Candelaria",149.449595959596,145.568080808081
"1128","46","Laureles Estadio",88.804525716647,79.3191919191919
"1129","46","Manrique",21.5274481294605,19.9535986132699
"1130","46","Popular",12.6710065777371,12.6238717194139
"1131","46","Robledo",47.9871145940992,45.7026702670267
"1132","46","San Javier",16.4118453046549,15.2993406491194
"1133","46","Santa Cruz",12.8696395517438,13.3149021125692
"1134","46","Villa Hermosa",19.1822233067463,18.5804315677496
"1135","46","Cabecera San Antonio de Prado",1.06012658227848,0.731012658227848
"1136","47","",4.16775100634394,3.70256389918378
"1137","47","Aranjuez",50.4454698838505,47.8023358218175
"1138","47","Bel√©n",52.3530067052588,52.1581452262873
"1139","47","Buenos Aires",29.6321270733021,28.6169322268361
"1140","47","Castilla",84.8476198235028,74.8484848484848
"1141","47","Corregimiento de Altavista",2.96029458832987,3.17910060142154
"1142","47","Corregimiento de San Antonio de Prado",5.40565489390669,4.39847255043614
"1143","47","Corregimiento de San Crist√≥bal",12.152975364891,11.4756813097541
"1144","47","Corregimiento de Santa Elena",3.95042977253071,3.79971016149979
"1145","47","Doce de Octubre",22.7797568271616,20.7745545342631
"1146","47","El Poblado",69.5933965115973,66.2368276827683
"1147","47","Guayabal",60.9699304568421,57.5685858585859
"1148","47","In",2.38227305274541,1.76328474932347
"1149","47","La Am√©rica",26.166077908568,24.8660337240232
"1150","47","La Candelaria",137.669343633392,138.393939393939
"1151","47","Laureles Estadio",81.9646264584318,74.4893467582052
"1152","47","Manrique",27.4691683178457,25.7410923023714
"1153","47","Popular",14.8059245951608,13.6727628905696
"1154","47","Robledo",50.9546490200912,48.3383338333833
"1155","47","San Javier",18.8324620300466,17.7515141133514
"1156","47","Santa Cruz",12.7253736648562,12.6617400743239
"1157","47","Villa Hermosa",23.6723963421442,23.3626658415468
"1158","47","Cabecera San Antonio de Prado",1.06012658227848,0.731012658227848
"1159","47","Cristo Rey",1.06012658227848,0.731012658227848
"1160","47","Florida Nueva",1.06012658227848,0.731012658227848
"1161","47","Toscana",1.06012658227848,0.731012658227848
"1162","48","",3.55261492111352,3.2251429472267
"1163","48","Aranjuez",53.2257026764333,52.990604060406
"1164","48","AU",0.570135746606335,0.497737556561086
"1165","48","Bel√©n",57.2027566398255,54.0510433344219
"1166","48","Buenos Aires",39.3283635164476,37.6357235723572
"1167","48","Castilla",70.389672870376,66.3135353535354
"1168","48","Corregimiento de Altavista",3.25136452091939,2.45976287301678
"1169","48","Corregimiento de San Antonio de Prado",7.80743830617114,8.34408832958575
"1170","48","Corregimiento de San Crist√≥bal",9.27114301618635,9.85956966629267
"1171","48","Corregimiento de Santa Elena",4.33738333580377,3.84617322956057
"1172","48","Doce de Octubre",20.9900497237378,20.1757839072239
"1173","48","El Poblado",61.8609694177742,55.2549376366208
"1174","48","Guayabal",57.8600324655107,54.875430594217
"1175","48","In",2.13111135636243,2.16722908198481
"1176","48","La Am√©rica",26.1834262409199,25.3523736848611
"1177","48","La Candelaria",143.808308728069,140.30303030303
"1178","48","Laureles Estadio",78.7081302168333,72.4882251082251
"1179","48","Manrique",26.1436519567126,25.8218623320243
"1180","48","Popular",11.9436511458172,11.9552532124631
"1181","48","Robledo",55.6497004797005,55.3055555555556
"1182","48","San Javier",16.4754075196279,15.6107696427923
"1183","48","Santa Cruz",12.8455138351529,12.0620973601171
"1184","48","Villa Hermosa",15.3581531961783,15.5567670899838
"1185","48","Corregimiento de San Sebasti√°n de Palmitas",1.63026232888482,1.22875021478893
"1186","48","Sim√≥n Bol√≠var",1.06012658227848,0.731012658227848
"1187","49","",4.70611626332914,4.20381812243225
"1188","49","Aranjuez",51.1265201231125,45.9525849819529
"1189","49","Bel√©n",54.2033598752013,53.1816909846324
"1190","49","Buenos Aires",23.5611021579111,21.9725446353887
"1191","49","Castilla",73.7118815188072,65.4252525252525
"1192","49","Corregimiento de Altavista",4.48381402290624,4.50895176166437
"1193","49","Corregimiento de San Antonio de Prado",7.13417148748496,5.75400869965909
"1194","49","Corregimiento de San Crist√≥bal",9.275187628949,9.24414769038272
"1195","49","Corregimiento de Santa Elena",4.29673228239797,4.30251557459932
"1196","49","Doce de Octubre",21.36148332185,20.8449546737171
"1197","49","El Poblado",67.4536016273442,63.4315421542154
"1198","49","Guayabal",60.4015729381579,58.3690214735759
"1199","49","In",0.570135746606335,0.497737556561086
"1200","49","La Am√©rica",23.0742136481355,22.2561354345158
"1201","49","La Candelaria",147.788080808081,145.59595959596
"1202","49","Laureles Estadio",85.014332103267,77.480404040404
"1203","49","Manrique",27.740443086258,26.5995865929401
"1204","49","Popular",12.9020980217226,13.0896905124424
"1205","49","Robledo",46.112083639622,44.4416972263875
"1206","49","San Javier",16.4743114693865,16.4169791722437
"1207","49","Santa Cruz",17.6500561438371,17.1604399312951
"1208","49","Villa Hermosa",18.7671594808634,18.4161072206965
"1209","49","Cabecera San Antonio de Prado",1.06012658227848,0.731012658227848
"1210","49","H√©ctor Abad G√≥mez",1.06012658227848,0.731012658227848
"1211","49","Las Playas",1.06012658227848,0.731012658227848
"1212","49","Santa Mar√≠a de los √Ångeles",1.06012658227848,0.731012658227848
"1213","49","Villa Carlota",1.06012658227848,0.731012658227848
"1214","50","",3.86433250172066,3.72689618466429
"1215","50","Aranjuez",50.9585169835244,50.6326550177954
"1216","50","Bel√©n",62.1528752399411,56.9941584158416
"1217","50","Buenos Aires",26.9496344700866,26.9064685974092
"1218","50","Castilla",85.3241343234598,74.6727272727273
"1219","50","Corregimiento de Altavista",2.44409768997912,2.03227209109562
"1220","50","Corregimiento de San Antonio de Prado",6.42212893621824,5.42787697933514
"1221","50","Corregimiento de San Crist√≥bal",11.1850267327253,10.6538459441859
"1222","50","Corregimiento de Santa Elena",5.1549404968105,4.70901836948164
"1223","50","Doce de Octubre",18.6464669091955,18.3777556716533
"1224","50","El Poblado",74.3464782558163,64.5184848484848
"1225","50","Guayabal",76.0580484638095,69.7878787878788
"1226","50","In",2.44751396966587,2.06189501116902
"1227","50","La Am√©rica",21.5532516004653,20.7307516414824
"1228","50","La Candelaria",157.979857397504,150.392222222222
"1229","50","Laureles Estadio",84.6549438787062,76.8031313131313
"1230","50","Manrique",25.5087979558792,24.7803656888342
"1231","50","Popular",13.6558349841807,13.8004679521597
"1232","50","Robledo",50.8583792182476,49.0526288488577
"1233","50","San Javier",13.0698693228456,13.1774509141824
"1234","50","Santa Cruz",13.6818490550271,13.781901300835
"1235","50","Villa Hermosa",28.0782221328011,27.1077509738374
"1236","50","Altavista",1.06012658227848,0.731012658227848
"1237","50","Bolivariana",1.06012658227848,0.731012658227848
"1238","51","",1.70124710296877,1.49547511312217
"1239","51","Aranjuez",46.8316200911775,44.6594949494949
"1240","51","Bel√©n",41.4389688323044,41.016835016835
"1241","51","Buenos Aires",30.0990818616491,28.8010471257216
"1242","51","Castilla",67.1437576121066,61.2114791311064
"1243","51","Corregimiento de Altavista",6.33313798919714,5.95013421809723
"1244","51","Corregimiento de San Antonio de Prado",7.74044140078146,7.47498165366039
"1245","51","Corregimiento de San Crist√≥bal",7.30683225596406,7.81207953694812
"1246","51","Corregimiento de Santa Elena",4.55089724951974,4.69389391412571
"1247","51","Doce de Octubre",16.8024833569751,15.9948708562436
"1248","51","El Poblado",45.8439571090398,44.6209149223361
"1249","51","Guayabal",50.123857514268,47.1998691392765
"1250","51","La Am√©rica",17.0963961676263,16.3441639878742
"1251","51","La Candelaria",115.191912327155,109.946494649465
"1252","51","Laureles Estadio",64.0410124800811,59.8444059323122
"1253","51","Manrique",25.693773585013,25.5159435847448
"1254","51","Popular",11.0200065773257,10.4673124652094
"1255","51","Robledo",56.0068335027828,52.889202920292
"1256","51","San Javier",16.7749398525486,16.8671053986098
"1257","51","Santa Cruz",13.9906990313703,13.2882673276236
"1258","51","Villa Hermosa",25.1174203339817,23.7294824454433
"1259","51","Andaluc√≠a",1.06012658227848,0.731012658227848
"1260","51","Barrio Col√≥n",1.06012658227848,0.731012658227848
"1261","51","Campo Amor",1.06012658227848,0.731012658227848
"1262","51","Girardot",1.06012658227848,0.731012658227848
"1263","51","Jes√∫s Nazareno",1.06012658227848,0.731012658227848
"1264","51","Universidad de Antioquia",1.06012658227848,0.731012658227848
"1265","52","Aranjuez",10.4547151436455,10.0190476190476
"1266","52","Bel√©n",11.4926401503288,11.1802133484376
"1267","52","Buenos Aires",6.42128266880742,5.75626092020967
"1268","52","Castilla",22.0972582972583,20.7474747474747
"1269","52","Corregimiento de Altavista",1.94767441860465,1.88874576271186
"1270","52","Corregimiento de San Antonio de Prado",1.60266159695818,1.95974576271186
"1271","52","Corregimiento de San Crist√≥bal",1.25201072386059,1.1192802972464
"1272","52","Corregimiento de Santa Elena",1.62110219203458,1.23101265822785
"1273","52","Doce de Octubre",7.79238664414707,7.95529552955296
"1274","52","El Poblado",12.4961801687092,10.9806556127311
"1275","52","Guayabal",10.6475978992633,10.3329203539823
"1276","52","La Am√©rica",5.59454545454545,5.35212783573439
"1277","52","La Candelaria",34.4448514851485,31.5959595959596
"1278","52","Laureles Estadio",22.2552380952381,19.4343434343434
"1279","52","Manrique",6.53754045307443,6.73661532819949
"1280","52","Popular",2.70770403544714,2.67040598290598
"1281","52","Robledo",14.9197474690024,13.6483648364836
"1282","52","San Javier",3.1227706194948,3.21209781209781
"1283","52","Santa Cruz",2.9796918767507,2.9025198938992
"1284","52","Villa Hermosa",4.75305351987564,4.58507116848726
