"","SEMANA","COMUNA","A—O_2018_PRED"
"1",NA,"Aranjuez",1.65040650406504
"2",NA,"Bel√©n",1.63551401869159
"3",NA,"Buenos Aires",1.65040650406504
"4",NA,"Castilla",3.32
"5",NA,"Corregimiento de Altavista",0.23489932885906
"6",NA,"Doce de Octubre",0.23489932885906
"7",NA,"El Poblado",2.33663366336634
"8",NA,"Guayabal",2.94
"9",NA,"In",0.23489932885906
"10",NA,"La Am√©rica",2.53398058252427
"11",NA,"La Candelaria",6.56
"12",NA,"Laureles Estadio",5.68932038834951
"13",NA,"Manrique",1.28282828282828
"14",NA,"Popular",0.435555555555556
"15",NA,"Robledo",2.33663366336634
"16",NA,"San Javier",0.435555555555556
"17",NA,"Villa Hermosa",0.23489932885906
"18","00","",2.43123734477089
"19","00","Aranjuez",29.3461170702121
"20","00","Bel√©n",30.6973890204342
"21","00","Buenos Aires",14.8704403327671
"22","00","Castilla",44.9095905824349
"23","00","Corregimiento de Altavista",1.49164346594803
"24","00","Corregimiento de San Antonio de Prado",3.09123919594238
"25","00","Corregimiento de San Crist√≥bal",7.94496975171708
"26","00","Corregimiento de Santa Elena",4.56497780827402
"27","00","Doce de Octubre",14.3706863443815
"28","00","El Poblado",30.5903134171804
"29","00","Guayabal",29.6783173488711
"30","00","In",0.378415300546448
"31","00","La Am√©rica",14.9791519938585
"32","00","La Candelaria",68.1535794733319
"33","00","Laureles Estadio",36.4942043373296
"34","00","Manrique",17.9100208755921
"35","00","Popular",8.32844819952331
"36","00","Robledo",33.822929526641
"37","00","San Javier",9.40719978705746
"38","00","Santa Cruz",7.05349369157161
"39","00","Villa Hermosa",14.3082488679827
"40","01","",2.38521124998603
"41","01","Aranjuez",39.9409263717689
"42","01","Bel√©n",41.7196675323254
"43","01","Buenos Aires",20.9022520147374
"44","01","Castilla",60.3593903646251
"45","01","Corregimiento de Altavista",2.26606994422575
"46","01","Corregimiento de San Antonio de Prado",4.44060389058858
"47","01","Corregimiento de San Crist√≥bal",6.71970564015155
"48","01","Corregimiento de Santa Elena",5.45529193029193
"49","01","Doce de Octubre",16.2362017709567
"50","01","El Poblado",47.7436054510782
"51","01","Guayabal",33.5148359110539
"52","01","La Am√©rica",20.1622932276968
"53","01","La Candelaria",104.682096161072
"54","01","Laureles Estadio",57.7209105178996
"55","01","Manrique",19.4696228277291
"56","01","Popular",7.99527583299423
"57","01","Robledo",39.9472788282944
"58","01","San Javier",10.793303642887
"59","01","Santa Cruz",12.8026193228076
"60","01","Villa Hermosa",15.923523461441
"61","02","",1.92159534727158
"62","02","Aranjuez",45.9410409639291
"63","02","Bel√©n",47.2374012421071
"64","02","Buenos Aires",24.9332775552778
"65","02","Castilla",66.4058329590812
"66","02","Corregimiento de Altavista",2.12549071618037
"67","02","Corregimiento de San Antonio de Prado",4.01418664060073
"68","02","Corregimiento de San Crist√≥bal",8.98344759062943
"69","02","Corregimiento de Santa Elena",4.13947702372406
"70","02","Doce de Octubre",16.9378007947538
"71","02","El Poblado",59.2243730603723
"72","02","Guayabal",55.1282637420772
"73","02","In",0.606986729117877
"74","02","La Am√©rica",27.9463811990698
"75","02","La Candelaria",143.09303030303
"76","02","Laureles Estadio",74.0234873487349
"77","02","Manrique",17.9061418846424
"78","02","Popular",11.9235398001638
"79","02","Robledo",43.9880499280363
"80","02","San Javier",15.4239528764442
"81","02","Santa Cruz",9.01923992304938
"82","02","Villa Hermosa",18.3662626444339
"83","02","Corregimiento de San Sebasti√°n de Palmitas",0.33974358974359
"84","03","",2.45681802474255
"85","03","Aranjuez",39.5733721109968
"86","03","AU",0.33974358974359
"87","03","Bel√©n",50.3785343150682
"88","03","Buenos Aires",30.8305656876658
"89","03","Castilla",66.2893880362815
"90","03","Corregimiento de Altavista",2.12149920077321
"91","03","Corregimiento de San Antonio de Prado",4.63167819805488
"92","03","Corregimiento de San Crist√≥bal",9.68191330377363
"93","03","Corregimiento de Santa Elena",4.39103461767497
"94","03","Doce de Octubre",18.8058593323152
"95","03","El Poblado",62.7985916238683
"96","03","Guayabal",53.6268583066647
"97","03","In",1.14295793691767
"98","03","La Am√©rica",26.7845314294708
"99","03","La Candelaria",134.575236523652
"100","03","Laureles Estadio",75.64635222955
"101","03","Manrique",19.0825778757748
"102","03","Popular",9.69216434405477
"103","03","Robledo",46.0511700049588
"104","03","San Javier",15.7770287070778
"105","03","Santa Cruz",9.32217326429284
"106","03","Villa Hermosa",18.1158976612346
"107","04","",2.73694593302661
"108","04","Aranjuez",51.7145872128642
"109","04","Bel√©n",51.8105617637614
"110","04","Buenos Aires",23.9113994074936
"111","04","Castilla",60.8966776625489
"112","04","Corregimiento de Altavista",1.35803794903578
"113","04","Corregimiento de San Antonio de Prado",6.67563928945509
"114","04","Corregimiento de San Crist√≥bal",5.60888663460772
"115","04","Corregimiento de Santa Elena",3.23519785406403
"116","04","Doce de Octubre",22.4197302972182
"117","04","El Poblado",62.9472810209943
"118","04","Guayabal",55.1472380506748
"119","04","In",0.23489932885906
"120","04","La Am√©rica",21.6856214436989
"121","04","La Candelaria",137.051610219846
"122","04","Laureles Estadio",74.2231838875075
"123","04","Manrique",19.4610977986881
"124","04","Popular",11.2131250198182
"125","04","Robledo",44.934275330146
"126","04","San Javier",15.6391703072717
"127","04","Santa Cruz",10.8831387563465
"128","04","Villa Hermosa",18.2746793205197
"129","05","",2.11540848249184
"130","05","Aranjuez",49.2643626867307
"131","05","AU",0.378415300546448
"132","05","Bel√©n",50.9741967296218
"133","05","Buenos Aires",27.4974636749416
"134","05","Castilla",74.0640252753893
"135","05","Corregimiento de Altavista",2.30935393828904
"136","05","Corregimiento de San Antonio de Prado",4.38670171357285
"137","05","Corregimiento de San Crist√≥bal",9.00282249946558
"138","05","Corregimiento de Santa Elena",4.23493878372653
"139","05","Doce de Octubre",21.1879159509687
"140","05","El Poblado",64.5843412088091
"141","05","Guayabal",62.8026238141245
"142","05","In",0.796886446886447
"143","05","La Am√©rica",25.0281462165235
"144","05","La Candelaria",133.508585858586
"145","05","Laureles Estadio",79.6261037916979
"146","05","Manrique",25.3626266431275
"147","05","Popular",11.75667266857
"148","05","Robledo",53.1970944963406
"149","05","San Javier",18.1657570352871
"150","05","Santa Cruz",11.1909045596889
"151","05","Villa Hermosa",21.7103593709567
"152","06","",1.13696659204943
"153","06","Aranjuez",52.0701403877161
"154","06","Bel√©n",52.3439940022306
"155","06","Buenos Aires",32.1785969131523
"156","06","Castilla",71.2147854785479
"157","06","Corregimiento de Altavista",2.55803645997489
"158","06","Corregimiento de San Antonio de Prado",6.36431626817521
"159","06","Corregimiento de San Crist√≥bal",8.26862575878748
"160","06","Corregimiento de Santa Elena",9.1402238402693
"161","06","Doce de Octubre",21.8296432547291
"162","06","El Poblado",68.1988963431475
"163","06","Guayabal",55.783279362753
"164","06","In",1.07321507006532
"165","06","La Am√©rica",27.6887791899008
"166","06","La Candelaria",130.885136513651
"167","06","Laureles Estadio",83.0201018178741
"168","06","Manrique",20.706567210475
"169","06","Popular",9.82473573165235
"170","06","Robledo",50.6470352691378
"171","06","San Javier",16.1717441098381
"172","06","Santa Cruz",9.24507349651221
"173","06","Villa Hermosa",21.5696921976382
"174","07","",2.65863235498051
"175","07","Aranjuez",49.5648425296067
"176","07","Bel√©n",60.3729073204187
"177","07","Buenos Aires",24.3330786094184
"178","07","Castilla",73.5969689327585
"179","07","Corregimiento de Altavista",0.481444991789819
"180","07","Corregimiento de San Antonio de Prado",4.93243768377214
"181","07","Corregimiento de San Crist√≥bal",8.96743664721428
"182","07","Corregimiento de Santa Elena",6.5954455020746
"183","07","Doce de Octubre",17.1448922608024
"184","07","El Poblado",61.917598863149
"185","07","Guayabal",62.4191314059514
"186","07","In",0.606986729117877
"187","07","La Am√©rica",24.632908609963
"188","07","La Candelaria",136.969696969697
"189","07","Laureles Estadio",78.8485156045148
"190","07","Manrique",22.0899475238471
"191","07","Popular",13.6567197759465
"192","07","Robledo",55.5444139537315
"193","07","San Javier",16.3446356729299
"194","07","Santa Cruz",13.4455674694923
"195","07","Villa Hermosa",23.07668121033
"196","08","",2.26338332391019
"197","08","Aranjuez",47.0452599671594
"198","08","AU",0.228571428571429
"199","08","Bel√©n",56.8243757380359
"200","08","Buenos Aires",29.8729704838639
"201","08","Castilla",68.6758799991032
"202","08","Corregimiento de Altavista",2.14097560215229
"203","08","Corregimiento de San Antonio de Prado",5.12323845025623
"204","08","Corregimiento de San Crist√≥bal",10.6858979751113
"205","08","Corregimiento de Santa Elena",4.11312406540438
"206","08","Doce de Octubre",18.4399659891784
"207","08","El Poblado",57.4710920249276
"208","08","Guayabal",58.3457611728824
"209","08","In",0.57464291860265
"210","08","La Am√©rica",31.9816002744705
"211","08","La Candelaria",130.825406540654
"212","08","Laureles Estadio",77.6358083052737
"213","08","Manrique",23.0783526641941
"214","08","Popular",12.8240963676681
"215","08","Robledo",51.4662580794979
"216","08","San Javier",13.6849204643972
"217","08","Santa Cruz",11.5932083677441
"218","08","Villa Hermosa",22.0836124160705
"219","09","",2.88536048745429
"220","09","Aranjuez",46.2191934862768
"221","09","Bel√©n",55.7984291098516
"222","09","Buenos Aires",30.2094390385684
"223","09","Castilla",74.0254986718436
"224","09","Corregimiento de Altavista",2.79898629119361
"225","09","Corregimiento de San Antonio de Prado",5.44513268366938
"226","09","Corregimiento de San Crist√≥bal",8.77912400466478
"227","09","Corregimiento de Santa Elena",5.42848871039563
"228","09","Doce de Octubre",26.4061524863589
"229","09","El Poblado",62.3149545785722
"230","09","Guayabal",55.1839617984355
"231","09","In",0.568315018315018
"232","09","La Am√©rica",25.3251838704129
"233","09","La Candelaria",138.766060606061
"234","09","Laureles Estadio",85.3364223300158
"235","09","Manrique",24.9768447204969
"236","09","Popular",15.2527758183138
"237","09","Robledo",57.6026865762294
"238","09","San Javier",13.4646101346807
"239","09","Santa Cruz",12.2048527659772
"240","09","Villa Hermosa",22.9342442358183
"241","09","Corregimiento de San Sebasti√°n de Palmitas",0.33974358974359
"242","10","",3.72410733344568
"243","10","Aranjuez",48.6193570053168
"244","10","AU",0.378415300546448
"245","10","Bel√©n",54.3174917530136
"246","10","Buenos Aires",28.5437557336738
"247","10","Castilla",76.0717312022464
"248","10","Corregimiento de Altavista",2.38202188174912
"249","10","Corregimiento de San Antonio de Prado",6.91338013262974
"250","10","Corregimiento de San Crist√≥bal",9.27828581725424
"251","10","Corregimiento de Santa Elena",4.28654495869748
"252","10","Doce de Octubre",22.2493838653299
"253","10","El Poblado",62.938950583235
"254","10","Guayabal",55.6559271339936
"255","10","In",0.33974358974359
"256","10","La Am√©rica",27.7457693220328
"257","10","La Candelaria",138.816081608161
"258","10","Laureles Estadio",81.1554486036839
"259","10","Manrique",25.2145185042317
"260","10","Popular",10.2003021677376
"261","10","Robledo",54.4739991666109
"262","10","San Javier",17.3279305616037
"263","10","Santa Cruz",13.4196823890026
"264","10","Villa Hermosa",19.1002041161101
"265","11","",2.84663380775692
"266","11","Aranjuez",46.3160039521273
"267","11","AU",0.228571428571429
"268","11","Bel√©n",50.8052803680801
"269","11","Buenos Aires",33.4426804327798
"270","11","Castilla",74.0928618164447
"271","11","Corregimiento de Altavista",1.94208496983846
"272","11","Corregimiento de San Antonio de Prado",6.65442849430301
"273","11","Corregimiento de San Crist√≥bal",8.8290370230882
"274","11","Corregimiento de Santa Elena",2.93304057668296
"275","11","Doce de Octubre",22.1827908413052
"276","11","El Poblado",52.570631594161
"277","11","Guayabal",50.9950595789273
"278","11","La Am√©rica",24.1362891380944
"279","11","La Candelaria",128.831742174217
"280","11","Laureles Estadio",72.0483396243496
"281","11","Manrique",24.9333733281753
"282","11","Popular",13.8274001474533
"283","11","Robledo",46.3397983618719
"284","11","San Javier",14.9858253424278
"285","11","Santa Cruz",7.31871207276984
"286","11","Villa Hermosa",18.6704762104687
"287","11","Corregimiento de San Sebasti√°n de Palmitas",0.23489932885906
"288","12","",1.4186282399709
"289","12","Aranjuez",50.7601785963949
"290","12","Bel√©n",53.434417657069
"291","12","Buenos Aires",24.3215161294377
"292","12","Castilla",72.0644249809596
"293","12","Corregimiento de Altavista",1.66255986390252
"294","12","Corregimiento de San Antonio de Prado",3.02583986088955
"295","12","Corregimiento de San Crist√≥bal",8.77171303865359
"296","12","Corregimiento de Santa Elena",2.99135993560307
"297","12","Doce de Octubre",18.1751251633157
"298","12","El Poblado",60.8749377749887
"299","12","Guayabal",52.8648759283638
"300","12","In",1.3499420639018
"301","12","La Am√©rica",23.2940505910716
"302","12","La Candelaria",137.531919191919
"303","12","Laureles Estadio",79.8766818235222
"304","12","Manrique",23.1959045104711
"305","12","Popular",15.6758115845801
"306","12","Robledo",46.8009798043686
"307","12","San Javier",13.6029294512965
"308","12","Santa Cruz",12.3047302268785
"309","12","Villa Hermosa",19.6058838375396
"310","12","0",0.23489932885906
"311","13","",2.80597219268566
"312","13","Aranjuez",46.2757265090785
"313","13","Bel√©n",50.7059068532077
"314","13","Buenos Aires",22.5568214711081
"315","13","Castilla",71.4713811067816
"316","13","Corregimiento de Altavista",2.89908260753331
"317","13","Corregimiento de San Antonio de Prado",11.2037241617106
"318","13","Corregimiento de San Crist√≥bal",8.34743494363953
"319","13","Corregimiento de Santa Elena",2.11694934960418
"320","13","Doce de Octubre",21.4086691867463
"321","13","El Poblado",65.5209107529399
"322","13","Guayabal",55.3384821906243
"323","13","In",0.252873563218391
"324","13","La Am√©rica",23.0090857671627
"325","13","La Candelaria",126.359126912691
"326","13","Laureles Estadio",71.4354144826247
"327","13","Manrique",23.0322488215215
"328","13","Popular",13.2391964159008
"329","13","Robledo",48.303928280372
"330","13","San Javier",13.4865916406887
"331","13","Santa Cruz",10.7222245776873
"332","13","Villa Hermosa",19.6328543010755
"333","14","",3.10509964202767
"334","14","Aranjuez",45.4572225419313
"335","14","Bel√©n",53.7065549168523
"336","14","Buenos Aires",34.1717010432005
"337","14","Castilla",62.0084470887717
"338","14","Corregimiento de Altavista",1.43452313952054
"339","14","Corregimiento de San Antonio de Prado",6.13443500293379
"340","14","Corregimiento de San Crist√≥bal",7.87400634486357
"341","14","Corregimiento de Santa Elena",2.67909036468754
"342","14","Doce de Octubre",22.5678781148775
"343","14","El Poblado",57.1842042012889
"344","14","Guayabal",54.4072356337625
"345","14","In",0.756830601092896
"346","14","La Am√©rica",31.7141448445477
"347","14","La Candelaria",137.463333333333
"348","14","Laureles Estadio",86.348197819782
"349","14","Manrique",24.9494702808437
"350","14","Popular",9.37557218393255
"351","14","Robledo",52.4841682468397
"352","14","San Javier",14.4860566763397
"353","14","Santa Cruz",11.7554176624212
"354","14","Villa Hermosa",20.1570386292385
"355","15","",1.36720813116786
"356","15","Aranjuez",40.2580858313137
"357","15","Bel√©n",48.7939511666602
"358","15","Buenos Aires",24.517299229564
"359","15","Castilla",69.4154265277332
"360","15","Corregimiento de Altavista",2.49435242608479
"361","15","Corregimiento de San Antonio de Prado",5.65452225574586
"362","15","Corregimiento de San Crist√≥bal",8.91613519174895
"363","15","Corregimiento de Santa Elena",2.32328212704887
"364","15","Doce de Octubre",20.19506268266
"365","15","El Poblado",60.7743112821453
"366","15","Guayabal",54.4955959721778
"367","15","In",1.18795754800816
"368","15","La Am√©rica",22.1288827348998
"369","15","La Candelaria",130.260626062606
"370","15","Laureles Estadio",73.9676347617629
"371","15","Manrique",20.7714233661755
"372","15","Popular",14.3809502072145
"373","15","Robledo",49.5820128196071
"374","15","San Javier",13.6354429802693
"375","15","Santa Cruz",12.0583738614229
"376","15","Villa Hermosa",20.3683469980347
"377","16","",3.33293777302746
"378","16","Aranjuez",46.5518909349828
"379","16","AU",0.23489932885906
"380","16","Bel√©n",49.5615802741368
"381","16","Buenos Aires",26.57938884971
"382","16","Castilla",69.0968387609154
"383","16","Corregimiento de Altavista",2.31565329711303
"384","16","Corregimiento de San Antonio de Prado",12.2479367246313
"385","16","Corregimiento de San Crist√≥bal",10.0247550905532
"386","16","Corregimiento de Santa Elena",4.64450317890134
"387","16","Doce de Octubre",23.4846394536661
"388","16","El Poblado",69.1820717638107
"389","16","Guayabal",58.284616285116
"390","16","In",0.692042186001917
"391","16","La Am√©rica",23.3796875689085
"392","16","La Candelaria",147.678203820382
"393","16","Laureles Estadio",79.525696329814
"394","16","Manrique",23.9088885713968
"395","16","Popular",12.1477881589791
"396","16","Robledo",49.2337484514816
"397","16","San Javier",19.3729596708142
"398","16","Santa Cruz",9.82957464448595
"399","16","Villa Hermosa",23.1455089184731
"400","17","",4.35731641162097
"401","17","Aranjuez",44.8701408823075
"402","17","AU",0.228571428571429
"403","17","Bel√©n",51.2363034845716
"404","17","Buenos Aires",31.296932451184
"405","17","Castilla",67.4044403110388
"406","17","Corregimiento de Altavista",1.147668997669
"407","17","Corregimiento de San Antonio de Prado",8.96764921809432
"408","17","Corregimiento de San Crist√≥bal",7.84276654793578
"409","17","Corregimiento de Santa Elena",4.80107494564876
"410","17","Doce de Octubre",19.7112418195152
"411","17","El Poblado",53.4039950438778
"412","17","Guayabal",46.1511718459068
"413","17","In",0.487772892077451
"414","17","La Am√©rica",26.6731763005953
"415","17","La Candelaria",138.395555555556
"416","17","Laureles Estadio",72.2676754398129
"417","17","Manrique",26.2865141959024
"418","17","Popular",15.5797202569881
"419","17","Robledo",54.6712484759544
"420","17","San Javier",16.9697133552309
"421","17","Santa Cruz",9.80679692092994
"422","17","SN",0.228571428571429
"423","17","Villa Hermosa",20.7235995943572
"424","18","",1.10928381962865
"425","18","Aranjuez",49.0682182335838
"426","18","Bel√©n",49.5671222710432
"427","18","Buenos Aires",26.0053750343857
"428","18","Castilla",74.2048948763655
"429","18","Corregimiento de Altavista",1.4285692074865
"430","18","Corregimiento de San Antonio de Prado",8.83041179778741
"431","18","Corregimiento de San Crist√≥bal",10.2860774824486
"432","18","Corregimiento de Santa Elena",3.65916767527993
"433","18","Doce de Octubre",21.9649025181824
"434","18","El Poblado",63.7389818981898
"435","18","Guayabal",58.9708328088773
"436","18","In",1.00639468997895
"437","18","La Am√©rica",25.3731160361199
"438","18","La Candelaria",145.684584929081
"439","18","Laureles Estadio",79.4186058715762
"440","18","Manrique",24.6685363692886
"441","18","Popular",10.9394024405018
"442","18","Robledo",51.3231492732055
"443","18","San Javier",13.9232066956641
"444","18","Santa Cruz",11.5682120446685
"445","18","Villa Hermosa",20.6512782901196
"446","19","",1.68471512982967
"447","19","Aranjuez",57.2909768831328
"448","19","AU",0.228571428571429
"449","19","Bel√©n",50.5151974135718
"450","19","Buenos Aires",25.7213166680673
"451","19","Castilla",68.4170624333536
"452","19","Corregimiento de Altavista",3.15502744593488
"453","19","Corregimiento de San Antonio de Prado",10.6323292735396
"454","19","Corregimiento de San Crist√≥bal",9.23546450543672
"455","19","Corregimiento de Santa Elena",2.40744512858785
"456","19","Doce de Octubre",25.1997072849287
"457","19","El Poblado",60.7366496774504
"458","19","Guayabal",57.4733212415898
"459","19","In",1.58284213597899
"460","19","La Am√©rica",28.1324540992019
"461","19","La Candelaria",139.116767676768
"462","19","Laureles Estadio",77.6371193407653
"463","19","Manrique",28.677279395861
"464","19","Popular",13.306905977936
"465","19","Robledo",55.6488032402139
"466","19","San Javier",14.048080735067
"467","19","Santa Cruz",11.1068036725278
"468","19","Villa Hermosa",17.6856103955304
"469","19","Corregimiento de San Sebasti√°n de Palmitas",0.252873563218391
"470","20","",1.69308910477659
"471","20","Aranjuez",56.0260175412612
"472","20","Bel√©n",51.1719758787188
"473","20","Buenos Aires",32.6907456308167
"474","20","Castilla",69.1991959661634
"475","20","Corregimiento de Altavista",2.86796840890107
"476","20","Corregimiento de San Antonio de Prado",7.6853231098223
"477","20","Corregimiento de San Crist√≥bal",9.60574157882505
"478","20","Corregimiento de Santa Elena",2.26525354213274
"479","20","Doce de Octubre",19.3296451379044
"480","20","El Poblado",68.7274988208683
"481","20","Guayabal",55.122552223843
"482","20","In",0.796886446886447
"483","20","La Am√©rica",24.8769620206863
"484","20","La Candelaria",143.786842684268
"485","20","Laureles Estadio",79.272181330477
"486","20","Manrique",23.354079636576
"487","20","Popular",9.32188400199499
"488","20","Robledo",56.9655503751123
"489","20","San Javier",14.2131171279488
"490","20","Santa Cruz",10.3273052490716
"491","20","Villa Hermosa",18.4405457293376
"492","21","",2.50635058005884
"493","21","Aranjuez",47.5001591168184
"494","21","Bel√©n",48.3633556298774
"495","21","Buenos Aires",26.5104646626498
"496","21","Castilla",62.8562907829318
"497","21","Corregimiento de Altavista",1.34763318441372
"498","21","Corregimiento de San Antonio de Prado",7.53672179134729
"499","21","Corregimiento de San Crist√≥bal",9.59609003094172
"500","21","Corregimiento de Santa Elena",2.22782493243206
"501","21","Doce de Octubre",18.4064462667846
"502","21","El Poblado",65.012353759831
"503","21","Guayabal",49.5249990365052
"504","21","In",1.45880534558588
"505","21","La Am√©rica",22.1676892373116
"506","21","La Candelaria",133.850901436297
"507","21","Laureles Estadio",78.6484890569501
"508","21","Manrique",23.7188560512334
"509","21","Popular",11.5681721846723
"510","21","Robledo",49.3950697372966
"511","21","San Javier",14.6303065375082
"512","21","Santa Cruz",11.8889874149467
"513","21","Villa Hermosa",18.1766761191057
"514","22","",3.44642474597507
"515","22","Aranjuez",45.3037634879894
"516","22","AU",0.252873563218391
"517","22","Bel√©n",52.4743054517857
"518","22","Buenos Aires",33.1732380123543
"519","22","Castilla",70.2498797662837
"520","22","Corregimiento de Altavista",1.79513282458568
"521","22","Corregimiento de San Antonio de Prado",10.2753187294169
"522","22","Corregimiento de San Crist√≥bal",7.38583547485377
"523","22","Corregimiento de Santa Elena",3.52094154415367
"524","22","Doce de Octubre",25.1010874788534
"525","22","El Poblado",67.8395120029804
"526","22","Guayabal",50.1774963567786
"527","22","In",0.71634432064888
"528","22","La Am√©rica",27.2506058307356
"529","22","La Candelaria",149.74101010101
"530","22","Laureles Estadio",74.7852962514984
"531","22","Manrique",23.1781260763585
"532","22","Popular",10.628973936247
"533","22","Robledo",49.1393931745952
"534","22","San Javier",15.0452388247265
"535","22","Santa Cruz",11.2087764380047
"536","22","Villa Hermosa",21.285416846456
"537","23","",2.20937449526971
"538","23","Aranjuez",48.306977742022
"539","23","Bel√©n",55.2421217369386
"540","23","Buenos Aires",29.7142280612797
"541","23","Castilla",71.4372891620803
"542","23","Corregimiento de Altavista",2.89172976883751
"543","23","Corregimiento de San Antonio de Prado",7.85836683768998
"544","23","Corregimiento de San Crist√≥bal",7.92941176860599
"545","23","Corregimiento de Santa Elena",2.91823330923114
"546","23","Doce de Octubre",19.9625595103612
"547","23","El Poblado",64.0958219814694
"548","23","Guayabal",59.4679878430321
"549","23","In",0.33974358974359
"550","23","La Am√©rica",20.2869228372568
"551","23","La Candelaria",138.374646464646
"552","23","Laureles Estadio",78.8407508552112
"553","23","Manrique",22.5058974137995
"554","23","Popular",11.7722470799858
"555","23","Robledo",51.6033331440193
"556","23","San Javier",14.5668510856321
"557","23","Santa Cruz",12.621355462661
"558","23","SN",0.33974358974359
"559","23","Villa Hermosa",18.2447955337616
"560","24","",2.16160897005967
"561","24","Aranjuez",41.6638984049786
"562","24","Bel√©n",58.3681974789461
"563","24","Buenos Aires",32.2113050988665
"564","24","Castilla",65.7278959906199
"565","24","Corregimiento de Altavista",3.64824314959378
"566","24","Corregimiento de San Antonio de Prado",7.68125003544175
"567","24","Corregimiento de San Crist√≥bal",8.328005876281
"568","24","Corregimiento de Santa Elena",1.71603811929238
"569","24","Doce de Octubre",19.2601504958526
"570","24","El Poblado",58.4914646916174
"571","24","Guayabal",53.9016842431551
"572","24","In",0.468181818181818
"573","24","La Am√©rica",20.4356363326055
"574","24","La Candelaria",144.027332497956
"575","24","Laureles Estadio",74.3462263410807
"576","24","Manrique",26.0027920435319
"577","24","Popular",13.0560749488224
"578","24","Robledo",44.3267427173923
"579","24","San Javier",15.7114208399304
"580","24","Santa Cruz",10.6350961853636
"581","24","SN",0.33974358974359
"582","24","Villa Hermosa",18.7467199922044
"583","25","",1.65237131931444
"584","25","Aranjuez",45.1104315174974
"585","25","Bel√©n",45.4021632766916
"586","25","Buenos Aires",22.8977277163781
"587","25","Castilla",66.2328149273714
"588","25","Corregimiento de Altavista",3.31206881885777
"589","25","Corregimiento de San Antonio de Prado",8.99075768419207
"590","25","Corregimiento de San Crist√≥bal",10.7897514379168
"591","25","Corregimiento de Santa Elena",4.80920670432474
"592","25","Doce de Octubre",19.6511995018091
"593","25","El Poblado",57.8226248957578
"594","25","Guayabal",45.2607211347757
"595","25","In",0.803214347174079
"596","25","La Am√©rica",21.4919517726163
"597","25","La Candelaria",132.59595959596
"598","25","Laureles Estadio",69.2451007725866
"599","25","Manrique",22.2716360442827
"600","25","Popular",9.7477947779422
"601","25","Robledo",48.1312176575368
"602","25","San Javier",14.7087448642467
"603","25","Santa Cruz",10.9531840859184
"604","25","Villa Hermosa",15.435457303857
"605","26","",2.2330339352826
"606","26","Aranjuez",50.1988147124344
"607","26","AU",0.33974358974359
"608","26","Bel√©n",46.4595439201322
"609","26","Buenos Aires",27.0802022636319
"610","26","Castilla",64.2334744214907
"611","26","Corregimiento de Altavista",1.85208453213514
"612","26","Corregimiento de San Antonio de Prado",8.154220687292
"613","26","Corregimiento de San Crist√≥bal",9.44817707352297
"614","26","Corregimiento de Santa Elena",1.77302385798142
"615","26","Doce de Octubre",19.7036013545901
"616","26","El Poblado",59.2895101463336
"617","26","Guayabal",48.3724561433356
"618","26","In",0.67948717948718
"619","26","La Am√©rica",21.4536160060582
"620","26","La Candelaria",136.46595959596
"621","26","Laureles Estadio",76.1040554055405
"622","26","Manrique",22.9222386118448
"623","26","Popular",12.7144774877777
"624","26","Robledo",53.7069080072792
"625","26","San Javier",14.8912868733973
"626","26","Santa Cruz",11.4548063645443
"627","26","Villa Hermosa",18.6973745592133
"628","27","",3.25083417971651
"629","27","Aranjuez",52.1757363305698
"630","27","Bel√©n",56.30442243561
"631","27","Buenos Aires",22.9541470088514
"632","27","Castilla",59.9963354089187
"633","27","Corregimiento de Altavista",2.64050876717904
"634","27","Corregimiento de San Antonio de Prado",10.2445980766339
"635","27","Corregimiento de San Crist√≥bal",8.15021711419487
"636","27","Corregimiento de Santa Elena",3.57244088786856
"637","27","Doce de Octubre",20.0550824159506
"638","27","El Poblado",57.800585671015
"639","27","Guayabal",60.2845381379621
"640","27","La Am√©rica",29.1012508179066
"641","27","La Candelaria",148.580101010101
"642","27","Laureles Estadio",73.7468126266257
"643","27","Manrique",23.0180390241606
"644","27","Popular",12.9588131718587
"645","27","Robledo",49.7962330180862
"646","27","San Javier",17.3254388658836
"647","27","Santa Cruz",11.2216717562524
"648","27","Villa Hermosa",17.9782326087367
"649","28","",2.13857459132808
"650","28","Aranjuez",46.0381328802062
"651","28","Bel√©n",57.0423642396519
"652","28","Buenos Aires",29.1033566459143
"653","28","Castilla",67.556876136108
"654","28","Corregimiento de Altavista",4.72271960982539
"655","28","Corregimiento de San Antonio de Prado",3.92693283100718
"656","28","Corregimiento de San Crist√≥bal",11.1171681538985
"657","28","Corregimiento de Santa Elena",3.64878772755078
"658","28","Doce de Octubre",22.7184034755466
"659","28","El Poblado",58.604409742179
"660","28","Guayabal",53.4160809732435
"661","28","In",0.23489932885906
"662","28","La Am√©rica",23.6790389324625
"663","28","La Candelaria",135.707635648521
"664","28","Laureles Estadio",73.7956325328719
"665","28","Manrique",22.6499667685593
"666","28","Popular",12.3319788034584
"667","28","Robledo",48.5427702718559
"668","28","San Javier",14.2321359667865
"669","28","Santa Cruz",11.3995497926642
"670","28","Villa Hermosa",21.4184774640873
"671","29","",1.79023032410456
"672","29","Aranjuez",47.3043357235019
"673","29","Bel√©n",51.6424174963368
"674","29","Buenos Aires",33.0728682688028
"675","29","Castilla",66.539372068548
"676","29","Corregimiento de Altavista",2.41570941929391
"677","29","Corregimiento de San Antonio de Prado",9.49479327921721
"678","29","Corregimiento de San Crist√≥bal",9.50600115589237
"679","29","Corregimiento de Santa Elena",2.54031642324974
"680","29","Doce de Octubre",21.4867887706955
"681","29","El Poblado",65.3677927736751
"682","29","Guayabal",60.5991113419125
"683","29","In",1.5856178302704
"684","29","La Am√©rica",29.7176025434076
"685","29","La Candelaria",146.919191919192
"686","29","Laureles Estadio",76.4576736017621
"687","29","Manrique",22.3521191649992
"688","29","Popular",14.584310991977
"689","29","Robledo",53.647728613782
"690","29","San Javier",17.6148155103853
"691","29","Santa Cruz",11.8780259346166
"692","29","Villa Hermosa",20.6147553036939
"693","30","",1.17358311698105
"694","30","Aranjuez",44.4735664974362
"695","30","Bel√©n",57.7281707890706
"696","30","Buenos Aires",28.2453486945089
"697","30","Castilla",66.7749141614274
"698","30","Corregimiento de Altavista",2.98253817078983
"699","30","Corregimiento de San Antonio de Prado",9.72577286730571
"700","30","Corregimiento de San Crist√≥bal",7.0980273183519
"701","30","Corregimiento de Santa Elena",4.54564122643787
"702","30","Doce de Octubre",20.3603723989222
"703","30","El Poblado",71.1019795011175
"704","30","Guayabal",60.3709102774019
"705","30","In",0.33974358974359
"706","30","La Am√©rica",34.5736616324407
"707","30","La Candelaria",150.484848484848
"708","30","Laureles Estadio",91.1334593459346
"709","30","Manrique",21.2290180232779
"710","30","Popular",10.5549984918668
"711","30","Robledo",53.9087041175869
"712","30","San Javier",15.7408450051722
"713","30","Santa Cruz",13.2235484002715
"714","30","Villa Hermosa",23.7717330196168
"715","30","Perpetuo Socorro",0.252873563218391
"716","30","Rosales",0.252873563218391
"717","31","",2.03646643618554
"718","31","Aranjuez",48.2117635616618
"719","31","Bel√©n",48.0240008614593
"720","31","Buenos Aires",28.4530615272868
"721","31","Castilla",71.2763192356387
"722","31","Corregimiento de Altavista",1.17981507807937
"723","31","Corregimiento de San Antonio de Prado",8.02301500321254
"724","31","Corregimiento de San Crist√≥bal",10.6902049684308
"725","31","Corregimiento de Santa Elena",3.36255122459426
"726","31","Doce de Octubre",31.1742674619272
"727","31","El Poblado",66.5920495851672
"728","31","Guayabal",63.1232721760011
"729","31","In",0.71634432064888
"730","31","La Am√©rica",27.1123036633123
"731","31","La Candelaria",133.172417241724
"732","31","Laureles Estadio",76.1071366359937
"733","31","Manrique",26.7684653460777
"734","31","Popular",11.6157194474975
"735","31","Robledo",51.6642963468232
"736","31","San Javier",16.7716675349544
"737","31","Santa Cruz",13.1717328233216
"738","31","Villa Hermosa",19.6654205028958
"739","31","Cabecera San Antonio de Prado",0.252873563218391
"740","31","El Chagualo",0.252873563218391
"741","31","Guayaquil",0.252873563218391
"742","31","La Rosa",0.252873563218391
"743","31","Las Esmeraldas",0.252873563218391
"744","31","Miranda",0.252873563218391
"745","31","San Pedro",0.252873563218391
"746","32","",1.56961140620632
"747","32","Aranjuez",47.9002069659974
"748","32","AU",0.228571428571429
"749","32","Bel√©n",53.3883307877519
"750","32","Buenos Aires",33.0672447863232
"751","32","Castilla",69.8839869386793
"752","32","Corregimiento de Altavista",1.96379368789831
"753","32","Corregimiento de San Antonio de Prado",8.22948489010989
"754","32","Corregimiento de San Crist√≥bal",9.63562796222842
"755","32","Corregimiento de Santa Elena",2.15454823341363
"756","32","Doce de Octubre",22.9518313749226
"757","32","El Poblado",61.6270381532451
"758","32","Guayabal",57.0035743873632
"759","32","In",0.469798657718121
"760","32","La Am√©rica",24.9186851179783
"761","32","La Candelaria",147.868686868687
"762","32","Laureles Estadio",81.5049756488254
"763","32","Manrique",19.6790030431545
"764","32","Popular",14.6289548612365
"765","32","Robledo",54.8751776836733
"766","32","San Javier",11.4918684945689
"767","32","Santa Cruz",13.1753344220724
"768","32","Villa Hermosa",22.2680266767476
"769","32","Corregimiento de San Sebasti√°n de Palmitas",0.23489932885906
"770","32","Alfonso L√≥pez",0.252873563218391
"771","32","Patio Bonito",0.252873563218391
"772","32","Veinte de Julio",0.252873563218391
"773","33","",3.62816891179212
"774","33","Aranjuez",45.8250846481941
"775","33","AU",0.23489932885906
"776","33","Bel√©n",54.1220235115209
"777","33","Buenos Aires",28.4783748508314
"778","33","Castilla",64.4703597876316
"779","33","Corregimiento de Altavista",2.97036380810768
"780","33","Corregimiento de San Antonio de Prado",7.77610864882917
"781","33","Corregimiento de San Crist√≥bal",6.78922933291211
"782","33","Corregimiento de Santa Elena",5.33442946191697
"783","33","Doce de Octubre",19.4189107101499
"784","33","El Poblado",63.2363729246228
"785","33","Guayabal",56.4850540610089
"786","33","In",1.0624158106801
"787","33","La Am√©rica",21.7703558945945
"788","33","La Candelaria",142.587458745875
"789","33","Laureles Estadio",73.8990130204208
"790","33","Manrique",22.8600554457545
"791","33","Popular",10.502685872838
"792","33","Robledo",45.5435204868298
"793","33","San Javier",14.5345295984904
"794","33","Santa Cruz",10.4171606980329
"795","33","Villa Hermosa",17.6886042735268
"796","33","0",0.33974358974359
"797","33","Corregimiento de San Sebasti√°n de Palmitas",0.23489932885906
"798","33","Boston",0.252873563218391
"799","33","Cerro Nutibara",0.252873563218391
"800","33","Estaci√≥n Villa",0.252873563218391
"801","33","Jes√∫s Nazareno",0.252873563218391
"802","34","",4.0440238764948
"803","34","Aranjuez",43.3649830967506
"804","34","Bel√©n",56.0259247375296
"805","34","Buenos Aires",30.385660623745
"806","34","Castilla",68.4320056986974
"807","34","Corregimiento de Altavista",1.87710035062976
"808","34","Corregimiento de San Antonio de Prado",9.07068786267148
"809","34","Corregimiento de San Crist√≥bal",13.0745746106422
"810","34","Corregimiento de Santa Elena",2.65270060555801
"811","34","Doce de Octubre",21.1812609904265
"812","34","El Poblado",56.8622537738877
"813","34","Guayabal",55.5418593060513
"814","34","In",1.49125660874429
"815","34","La Am√©rica",26.7875037840947
"816","34","La Candelaria",135.384949494949
"817","34","Laureles Estadio",81.6464771183001
"818","34","Manrique",20.3229082188187
"819","34","Popular",12.5789938992952
"820","34","Robledo",52.5139645593123
"821","34","San Javier",13.0592719277879
"822","34","Santa Cruz",10.8478316930813
"823","34","Villa Hermosa",23.9166975620356
"824","34","0",0.33974358974359
"825","34","Corregimiento de San Sebasti√°n de Palmitas",0.378415300546448
"826","34","Calle Nueva",0.252873563218391
"827","34","Campo Vald√©s No. 1",0.252873563218391
"828","34","Caribe",0.252873563218391
"829","34","Los Conquistadores",0.252873563218391
"830","34","Moravia",0.252873563218391
"831","34","Rosales",0.252873563218391
"832","35","",2.28581883500165
"833","35","Aranjuez",52.6825566316243
"834","35","Bel√©n",57.5222330162867
"835","35","Buenos Aires",31.6406750949026
"836","35","Castilla",70.1436371890244
"837","35","Corregimiento de Altavista",1.62163593981776
"838","35","Corregimiento de San Antonio de Prado",7.13259532208373
"839","35","Corregimiento de San Crist√≥bal",10.0951420500971
"840","35","Corregimiento de Santa Elena",5.13845834720942
"841","35","Doce de Octubre",20.1515118617084
"842","35","El Poblado",55.7136179157392
"843","35","Guayabal",56.754092467438
"844","35","In",1.29753279822564
"845","35","La Am√©rica",25.2644816700385
"846","35","La Candelaria",144.509090909091
"847","35","Laureles Estadio",77.2748513086603
"848","35","Manrique",23.6211753197737
"849","35","Popular",16.4892992441625
"850","35","Robledo",55.9794237723302
"851","35","San Javier",14.7549638614396
"852","35","Santa Cruz",10.2010895321032
"853","35","Villa Hermosa",20.9630486993966
"854","35","Calle Nueva",0.252873563218391
"855","35","Coraz√≥n de Jes√∫s",0.252873563218391
"856","35","La Colina",0.252873563218391
"857","35","Laureles",0.252873563218391
"858","35","Oleoducto",0.252873563218391
"859","35","Villa Guadalupe",0.252873563218391
"860","36","",2.37633230832797
"861","36","Aranjuez",52.4509552851591
"862","36","Bel√©n",54.9705844632235
"863","36","Buenos Aires",31.7599958437437
"864","36","Castilla",63.6161552430856
"865","36","Corregimiento de Altavista",1.19085403911833
"866","36","Corregimiento de San Antonio de Prado",8.78480031227836
"867","36","Corregimiento de San Crist√≥bal",10.1105282355672
"868","36","Corregimiento de Santa Elena",2.74895264656162
"869","36","Doce de Octubre",18.3698208867667
"870","36","El Poblado",69.3940582293524
"871","36","Guayabal",58.8266578113637
"872","36","In",1.03811367603314
"873","36","La Am√©rica",24.3558754605748
"874","36","La Candelaria",140.947494749475
"875","36","Laureles Estadio",80.5021192119212
"876","36","Manrique",26.7695319644749
"877","36","Popular",14.7863303669085
"878","36","Robledo",54.4486813984039
"879","36","San Javier",18.0882641250374
"880","36","Santa Cruz",11.7716993363803
"881","36","Villa Hermosa",21.6854676153923
"882","36","La Alpujarra",0.252873563218391
"883","36","Universidad de Antioquia",0.252873563218391
"884","37","",0.803214347174079
"885","37","Aranjuez",53.2799002339587
"886","37","AU",0.803214347174079
"887","37","Bel√©n",55.1319268138081
"888","37","Buenos Aires",26.664255189662
"889","37","Castilla",71.3005316938553
"890","37","Corregimiento de Altavista",1.17348717779174
"891","37","Corregimiento de San Antonio de Prado",8.46847595237224
"892","37","Corregimiento de San Crist√≥bal",8.69961688867016
"893","37","Corregimiento de Santa Elena",3.07265532081104
"894","37","Doce de Octubre",22.6769789151476
"895","37","El Poblado",70.3030423893272
"896","37","Guayabal",57.8279569934419
"897","37","In",0.33974358974359
"898","37","La Am√©rica",28.3871182400978
"899","37","La Candelaria",147.040404040404
"900","37","Laureles Estadio",79.2183953101192
"901","37","Manrique",21.7834350717124
"902","37","Popular",12.2564764638414
"903","37","Robledo",55.6699021761925
"904","37","San Javier",16.5624557408533
"905","37","Santa Cruz",13.0293685388336
"906","37","Villa Hermosa",19.9154042105693
"907","37","Calasanz",0.252873563218391
"908","37","El Raizal",0.252873563218391
"909","37","Las Palmas",0.252873563218391
"910","38","",2.01514917107407
"911","38","Aranjuez",40.1884251216706
"912","38","Bel√©n",48.7792237252117
"913","38","Buenos Aires",27.430908365346
"914","38","Castilla",72.9758711132487
"915","38","Corregimiento de Altavista",2.84219209970021
"916","38","Corregimiento de San Antonio de Prado",6.83103941908469
"917","38","Corregimiento de San Crist√≥bal",7.48389402378154
"918","38","Corregimiento de Santa Elena",1.30468298974692
"919","38","Doce de Octubre",20.6939667564739
"920","38","El Poblado",66.3757739214412
"921","38","Guayabal",52.9853090304948
"922","38","In",0.228571428571429
"923","38","La Am√©rica",24.4302936644392
"924","38","La Candelaria",144.447575757576
"925","38","Laureles Estadio",73.3805200709181
"926","38","Manrique",24.213050090125
"927","38","Popular",13.5430388599349
"928","38","Robledo",52.0798973548534
"929","38","San Javier",15.6838118875685
"930","38","Santa Cruz",11.7255163292388
"931","38","Villa Hermosa",21.6122085229483
"932","38","Bolivariana",0.252873563218391
"933","38","Cerro Nutibara",0.252873563218391
"934","38","Guayaquil",0.252873563218391
"935","39","",2.47041304620004
"936","39","Aranjuez",45.5722456603342
"937","39","Bel√©n",54.501792991877
"938","39","Buenos Aires",28.881828043636
"939","39","Castilla",73.3069167803454
"940","39","Corregimiento de Altavista",1.28647390860506
"941","39","Corregimiento de San Antonio de Prado",9.46126236457071
"942","39","Corregimiento de San Crist√≥bal",7.91954922241448
"943","39","Corregimiento de Santa Elena",2.1340293654891
"944","39","Doce de Octubre",22.2509745828712
"945","39","El Poblado",68.9788530656496
"946","39","Guayabal",57.1997762647277
"947","39","In",0.33974358974359
"948","39","La Am√©rica",26.9180593311002
"949","39","La Candelaria",144.944646464646
"950","39","Laureles Estadio",76.5445841593505
"951","39","Manrique",24.3695177027619
"952","39","Popular",13.8456338181682
"953","39","Robledo",57.2548126025137
"954","39","San Javier",14.2354857823884
"955","39","Santa Cruz",12.0832523442113
"956","39","Villa Hermosa",23.3672999426581
"957","39","Campo Vald√©s No. 2",1.41279069767442
"958","39","Las Granjas",0.252873563218391
"959","40","",1.26729009011408
"960","40","Aranjuez",46.0610068804821
"961","40","Bel√©n",51.2622090181564
"962","40","Buenos Aires",26.3996758349854
"963","40","Castilla",61.5450099118187
"964","40","Corregimiento de Altavista",1.98435829900769
"965","40","Corregimiento de San Antonio de Prado",6.2851882684868
"966","40","Corregimiento de San Crist√≥bal",10.1596564401522
"967","40","Corregimiento de Santa Elena",4.51769678967885
"968","40","Doce de Octubre",19.1655655655723
"969","40","El Poblado",55.758427453092
"970","40","Guayabal",58.9438276807694
"971","40","In",1.08882561774291
"972","40","La Am√©rica",25.4764703306067
"973","40","La Candelaria",134.188484848485
"974","40","Laureles Estadio",74.5557873034591
"975","40","Manrique",21.467161918324
"976","40","Popular",13.7586387616369
"977","40","Robledo",48.4327960731832
"978","40","San Javier",15.9372754393279
"979","40","Santa Cruz",9.12018459952036
"980","40","Villa Hermosa",17.2107055150251
"981","40","Caribe",0.252873563218391
"982","40","Los Mangos",0.252873563218391
"983","40","Manila",0.252873563218391
"984","41","",2.57791151108867
"985","41","Aranjuez",44.0760011015188
"986","41","Bel√©n",54.0313244536019
"987","41","Buenos Aires",26.4081528397332
"988","41","Castilla",71.9568429059149
"989","41","Corregimiento de Altavista",2.91755307161866
"990","41","Corregimiento de San Antonio de Prado",5.52533258514511
"991","41","Corregimiento de San Crist√≥bal",9.26594730648884
"992","41","Corregimiento de Santa Elena",2.86065165771941
"993","41","Doce de Octubre",18.7977759398171
"994","41","El Poblado",56.1866450308327
"995","41","Guayabal",50.0181420347917
"996","41","In",0.692042186001917
"997","41","La Am√©rica",24.8526023356768
"998","41","La Candelaria",144.236262626263
"999","41","Laureles Estadio",76.2475377537754
"1000","41","Manrique",24.6874503961902
"1001","41","Popular",14.6010709136664
"1002","41","Robledo",47.7323560201459
"1003","41","San Javier",16.836854420678
"1004","41","Santa Cruz",11.6670539095954
"1005","41","Villa Hermosa",18.5486917388806
"1006","41","Antonio Nari√±o",0.252873563218391
"1007","41","Boston",0.252873563218391
"1008","41","El Nogal-Los Almendros",0.252873563218391
"1009","41","La Alpujarra",0.252873563218391
"1010","41","La Floresta",0.252873563218391
"1011","41","Las Esmeraldas",0.252873563218391
"1012","42","",2.31349850704941
"1013","42","Aranjuez",43.4990420038047
"1014","42","Bel√©n",54.2156383621555
"1015","42","Buenos Aires",22.0996269106125
"1016","42","Castilla",67.2249912009033
"1017","42","Corregimiento de Altavista",0.959406048018352
"1018","42","Corregimiento de San Antonio de Prado",10.4478455842455
"1019","42","Corregimiento de San Crist√≥bal",9.2714522029977
"1020","42","Corregimiento de Santa Elena",1.54557457805055
"1021","42","Doce de Octubre",21.2718384283186
"1022","42","El Poblado",64.1572568927152
"1023","42","Guayabal",58.5502437982526
"1024","42","In",1.18418803418803
"1025","42","La Am√©rica",26.1868041771692
"1026","42","La Candelaria",142.303805380538
"1027","42","Laureles Estadio",72.654991087344
"1028","42","Manrique",20.9820106734784
"1029","42","Popular",10.3277783067065
"1030","42","Robledo",56.0327297590462
"1031","42","San Javier",13.8419244891453
"1032","42","Santa Cruz",10.9350022082072
"1033","42","Villa Hermosa",19.7655347132798
"1034","42","Cristo Rey",0.252873563218391
"1035","42","F√°tima",0.252873563218391
"1036","42","Parque Juan Pablo II",0.252873563218391
"1037","42","Santa F√©",0.252873563218391
"1038","42","Santa In√©s",0.252873563218391
"1039","43","",2.36055681000886
"1040","43","Aranjuez",51.6647330581438
"1041","43","Bel√©n",44.8683563570137
"1042","43","Buenos Aires",24.8578756627945
"1043","43","Castilla",70.6526825220664
"1044","43","Corregimiento de Altavista",1.68378363551096
"1045","43","Corregimiento de San Antonio de Prado",8.33361032961981
"1046","43","Corregimiento de San Crist√≥bal",8.63131280596774
"1047","43","Corregimiento de Santa Elena",4.65054837567599
"1048","43","Doce de Octubre",22.4892253451947
"1049","43","El Poblado",62.8851197736596
"1050","43","Guayabal",63.769980011422
"1051","43","In",1.0607989711438
"1052","43","La Am√©rica",20.9951811451337
"1053","43","La Candelaria",148.555555555556
"1054","43","Laureles Estadio",77.1384377526765
"1055","43","Manrique",25.5307262646584
"1056","43","Popular",10.8729743310158
"1057","43","Robledo",51.38867003367
"1058","43","San Javier",18.7431716800447
"1059","43","Santa Cruz",13.827928433155
"1060","43","SN",0.228571428571429
"1061","43","Villa Hermosa",20.2121805414522
"1062","43","Oleoducto",0.252873563218391
"1063","44","",1.97215622594998
"1064","44","Aranjuez",41.7607867849743
"1065","44","Bel√©n",50.1949999363768
"1066","44","Buenos Aires",28.144723859101
"1067","44","Castilla",63.903113948087
"1068","44","Corregimiento de Altavista",2.80994590075588
"1069","44","Corregimiento de San Antonio de Prado",7.80576195623924
"1070","44","Corregimiento de San Crist√≥bal",6.60082477339004
"1071","44","Corregimiento de Santa Elena",3.08246731451919
"1072","44","Doce de Octubre",25.2244340273496
"1073","44","El Poblado",51.3298943811227
"1074","44","Guayabal",54.5309120615088
"1075","44","In",1.29699028078404
"1076","44","La Am√©rica",21.9777251650045
"1077","44","La Candelaria",138.80049720506
"1078","44","Laureles Estadio",74.9128166808685
"1079","44","Manrique",20.5246573370751
"1080","44","Popular",12.5225435044528
"1081","44","Robledo",51.7299148962515
"1082","44","San Javier",15.1778100939829
"1083","44","Santa Cruz",14.1828101222
"1084","44","Villa Hermosa",19.5508272443065
"1085","44","Corregimiento de San Sebasti√°n de Palmitas",0.252873563218391
"1086","44","Alejandro Echavarr√≠a",0.252873563218391
"1087","44","Naranjal",0.252873563218391
"1088","44","Suramericana",0.252873563218391
"1089","45","",3.43509288643555
"1090","45","Aranjuez",41.7991976598694
"1091","45","AU",0.33974358974359
"1092","45","Bel√©n",50.6941670426976
"1093","45","Buenos Aires",23.4845207292583
"1094","45","Castilla",74.9764326723935
"1095","45","Corregimiento de Altavista",1.96288976468519
"1096","45","Corregimiento de San Antonio de Prado",5.74375035910325
"1097","45","Corregimiento de San Crist√≥bal",6.05968398410197
"1098","45","Corregimiento de Santa Elena",3.74062905291681
"1099","45","Doce de Octubre",20.0043827799875
"1100","45","El Poblado",60.8843841649181
"1101","45","Guayabal",53.5677116662362
"1102","45","In",0.228571428571429
"1103","45","La Am√©rica",21.7496309319644
"1104","45","La Candelaria",133.549191919192
"1105","45","Laureles Estadio",78.8060184373663
"1106","45","Manrique",23.9265204053453
"1107","45","Popular",11.3330762624639
"1108","45","Robledo",49.3741042428012
"1109","45","San Javier",13.290200672501
"1110","45","Santa Cruz",12.8552513320112
"1111","45","Villa Hermosa",21.7586055021309
"1112","45","Corregimiento de San Sebasti√°n de Palmitas",0.378415300546448
"1113","46","",2.91574836057841
"1114","46","Aranjuez",41.2586043061134
"1115","46","Bel√©n",49.4164830980936
"1116","46","Buenos Aires",30.8552631466784
"1117","46","Castilla",71.0044124789837
"1118","46","Corregimiento de Altavista",2.96177220329623
"1119","46","Corregimiento de San Antonio de Prado",8.42678175130529
"1120","46","Corregimiento de San Crist√≥bal",10.3298121993126
"1121","46","Corregimiento de Santa Elena",6.01945504404275
"1122","46","Doce de Octubre",20.1936045109026
"1123","46","El Poblado",64.0868406565745
"1124","46","Guayabal",55.9433821126592
"1125","46","In",0.481444991789819
"1126","46","La Am√©rica",28.8286944985208
"1127","46","La Candelaria",145.557373737374
"1128","46","Laureles Estadio",77.0700244593277
"1129","46","Manrique",19.9538539336171
"1130","46","Popular",11.8126457084726
"1131","46","Robledo",48.6263922877831
"1132","46","San Javier",14.1239639370306
"1133","46","Santa Cruz",12.4417739530805
"1134","46","Villa Hermosa",17.5239778065547
"1135","46","Cabecera San Antonio de Prado",0.252873563218391
"1136","47","",2.18167659846032
"1137","47","Aranjuez",45.4591398264065
"1138","47","Bel√©n",54.4380370708622
"1139","47","Buenos Aires",26.6415713843972
"1140","47","Castilla",70.5459348962419
"1141","47","Corregimiento de Altavista",2.38978361523593
"1142","47","Corregimiento de San Antonio de Prado",8.20051316849737
"1143","47","Corregimiento de San Crist√≥bal",11.7937553749615
"1144","47","Corregimiento de Santa Elena",2.81633289892365
"1145","47","Doce de Octubre",20.8355670911003
"1146","47","El Poblado",67.6906985473717
"1147","47","Guayabal",59.5115587217529
"1148","47","In",1.11151091285357
"1149","47","La Am√©rica",23.6242094184776
"1150","47","La Candelaria",136.448568915715
"1151","47","Laureles Estadio",72.6810596756828
"1152","47","Manrique",25.2878211773466
"1153","47","Popular",14.967347454445
"1154","47","Robledo",48.8107419338853
"1155","47","San Javier",16.8252739734186
"1156","47","Santa Cruz",11.9614781642243
"1157","47","Villa Hermosa",20.3531920593812
"1158","47","Cabecera San Antonio de Prado",0.252873563218391
"1159","47","Cristo Rey",0.252873563218391
"1160","47","Florida Nueva",0.252873563218391
"1161","47","Toscana",0.252873563218391
"1162","48","",1.98550061436601
"1163","48","Aranjuez",47.0379279437236
"1164","48","AU",0.23489932885906
"1165","48","Bel√©n",52.4181212026998
"1166","48","Buenos Aires",35.4116629323739
"1167","48","Castilla",67.1778334744445
"1168","48","Corregimiento de Altavista",0.969217883867271
"1169","48","Corregimiento de San Antonio de Prado",10.4650286671563
"1170","48","Corregimiento de San Crist√≥bal",9.10093757302616
"1171","48","Corregimiento de Santa Elena",2.57778741674379
"1172","48","Doce de Octubre",18.2423973678986
"1173","48","El Poblado",58.708785016911
"1174","48","Guayabal",52.4805586667264
"1175","48","In",1.35931091439376
"1176","48","La Am√©rica",24.8005476923135
"1177","48","La Candelaria",138.178282828283
"1178","48","Laureles Estadio",74.6906542418948
"1179","48","Manrique",23.3238018104475
"1180","48","Popular",11.1143824124458
"1181","48","Robledo",53.173619557772
"1182","48","San Javier",16.3198356509421
"1183","48","Santa Cruz",11.8884887390416
"1184","48","Villa Hermosa",16.3472388821927
"1185","48","Corregimiento de San Sebasti√°n de Palmitas",0.487772892077451
"1186","48","Sim√≥n Bol√≠var",0.252873563218391
"1187","49","",2.47141825228726
"1188","49","Aranjuez",46.4943440255795
"1189","49","Bel√©n",52.5206904966879
"1190","49","Buenos Aires",22.8690120909099
"1191","49","Castilla",67.5151680393081
"1192","49","Corregimiento de Altavista",2.39583214717481
"1193","49","Corregimiento de San Antonio de Prado",4.97093830750983
"1194","49","Corregimiento de San Crist√≥bal",8.46354273387814
"1195","49","Corregimiento de Santa Elena",2.8624876496292
"1196","49","Doce de Octubre",18.6576902994922
"1197","49","El Poblado",65.0955751437749
"1198","49","Guayabal",56.4282453494218
"1199","49","In",0.23489932885906
"1200","49","La Am√©rica",20.5516303771062
"1201","49","La Candelaria",142.757635175282
"1202","49","Laureles Estadio",79.4237751587837
"1203","49","Manrique",22.950456876901
"1204","49","Popular",11.590713974314
"1205","49","Robledo",43.2463637991836
"1206","49","San Javier",16.0442797252038
"1207","49","Santa Cruz",15.7946617503652
"1208","49","Villa Hermosa",17.4887790589555
"1209","49","Cabecera San Antonio de Prado",0.252873563218391
"1210","49","H√©ctor Abad G√≥mez",0.252873563218391
"1211","49","Las Playas",0.252873563218391
"1212","49","Santa Mar√≠a de los √Ångeles",0.252873563218391
"1213","49","Villa Carlota",0.252873563218391
"1214","50","",2.09599657397171
"1215","50","Aranjuez",47.1541665676113
"1216","50","Bel√©n",52.5705947385032
"1217","50","Buenos Aires",24.0777854133078
"1218","50","Castilla",81.4495592642651
"1219","50","Corregimiento de Altavista",1.08249771745528
"1220","50","Corregimiento de San Antonio de Prado",6.78553106595975
"1221","50","Corregimiento de San Crist√≥bal",10.3915687725531
"1222","50","Corregimiento de Santa Elena",3.82060657299507
"1223","50","Doce de Octubre",19.2959573905398
"1224","50","El Poblado",69.2380581004496
"1225","50","Guayabal",65.9188602814309
"1226","50","In",1.36591704147926
"1227","50","La Am√©rica",21.7548373158454
"1228","50","La Candelaria",151.236262626263
"1229","50","Laureles Estadio",78.8832752404864
"1230","50","Manrique",22.3778336083359
"1231","50","Popular",14.1729301839042
"1232","50","Robledo",48.5043870922699
"1233","50","San Javier",13.4110648246225
"1234","50","Santa Cruz",13.0547290357058
"1235","50","Villa Hermosa",25.0998752828634
"1236","50","Altavista",0.252873563218391
"1237","50","Bolivariana",0.252873563218391
"1238","51","",0.698370086289549
"1239","51","Aranjuez",45.7689718420621
"1240","51","Bel√©n",38.4483533683945
"1241","51","Buenos Aires",29.7004199231338
"1242","51","Castilla",64.177360988526
"1243","51","Corregimiento de Altavista",3.66684711901149
"1244","51","Corregimiento de San Antonio de Prado",7.60031987525343
"1245","51","Corregimiento de San Crist√≥bal",9.22861200648189
"1246","51","Corregimiento de Santa Elena",3.19061202787079
"1247","51","Doce de Octubre",17.3735836475942
"1248","51","El Poblado",42.3892672699623
"1249","51","Guayabal",43.2006959827909
"1250","51","La Am√©rica",17.2069443095757
"1251","51","La Candelaria",105.528983179791
"1252","51","Laureles Estadio",57.5480532275353
"1253","51","Manrique",24.4188545869908
"1254","51","Popular",12.6099696934349
"1255","51","Robledo",52.206725188439
"1256","51","San Javier",14.3399441967789
"1257","51","Santa Cruz",12.2061638878484
"1258","51","Villa Hermosa",22.4511538704024
"1259","51","Andaluc√≠a",1.41279069767442
"1260","51","Barrio Col√≥n",0.252873563218391
"1261","51","Campo Amor",0.252873563218391
"1262","51","Girardot",0.252873563218391
"1263","51","Jes√∫s Nazareno",0.252873563218391
"1264","51","Universidad de Antioquia",0.252873563218391
"1265","52","Aranjuez",9.90196581196581
"1266","52","Bel√©n",10.2688053097345
"1267","52","Buenos Aires",6.07679476486816
"1268","52","Castilla",19.3866851595007
"1269","52","Corregimiento de Altavista",1.53527431600057
"1270","52","Corregimiento de San Antonio de Prado",1.27362788726425
"1271","52","Corregimiento de San Crist√≥bal",1.49301963401746
"1272","52","Corregimiento de Santa Elena",0.606986729117877
"1273","52","Doce de Octubre",7.25272331154684
"1274","52","El Poblado",9.82571428571429
"1275","52","Guayabal",10.2431818181818
"1276","52","La Am√©rica",5.406284606866
"1277","52","La Candelaria",29.6585714285714
"1278","52","Laureles Estadio",17.8128518734226
"1279","52","Manrique",6.63491138059702
"1280","52","Popular",2.79559844149519
"1281","52","Robledo",12.3144754924416
"1282","52","San Javier",2.53395756785587
"1283","52","Santa Cruz",2.8335870116692
"1284","52","Villa Hermosa",4.72804464819613
