<metadata xml:lang="es"><Esri><CreaDate>20140121</CreaDate><CreaTime>08543200</CreaTime><ArcGISFormat>1.0</ArcGISFormat><SyncOnce>FALSE</SyncOnce><DataProperties><lineage><Process ToolSource="C:\Program Files\ArcGIS\Desktop10.0\ArcToolbox\Toolboxes\Data Management Tools.tbx\CalculateField" Date="20110707" Time="130752">CalculateField BarrioVereda IDENTIFICACION [CODIGO] VB #</Process><Process ToolSource="C:\Program Files\ArcGIS\Desktop10.0\ArcToolbox\Toolboxes\Data Management Tools.tbx\Analyze" Date="20130913" Time="040516">Analyze "Database Connections\zeus4_ATLAS_SDE.sde\SITE.BarrioVereda" BUSINESS;FEATURE</Process><Process ToolSource="C:\Program Files\ArcGIS\Desktop10.0\ArcToolbox\Toolboxes\Data Management Tools.tbx\Analyze" Date="20130914" Time="041503">Analyze "Database Connections\zeus4_ATLAS_SDE.sde\SITE.BarrioVereda" BUSINESS;FEATURE</Process><Process ToolSource="C:\Program Files\ArcGIS\Desktop10.0\ArcToolbox\Toolboxes\Data Management Tools.tbx\Analyze" Date="20130915" Time="041446">Analyze "Database Connections\zeus4_ATLAS_SDE.sde\SITE.BarrioVereda" BUSINESS;FEATURE</Process><Process ToolSource="C:\Program Files\ArcGIS\Desktop10.0\ArcToolbox\Toolboxes\Data Management Tools.tbx\Analyze" Date="20130916" Time="041516">Analyze "Database Connections\zeus4_ATLAS_SDE.sde\SITE.BarrioVereda" BUSINESS;FEATURE</Process><Process ToolSource="C:\Program Files\ArcGIS\Desktop10.0\ArcToolbox\Toolboxes\Data Management Tools.tbx\Analyze" Date="20130917" Time="041842">Analyze "Database Connections\zeus4_ATLAS_SDE.sde\SITE.DivisionAdministrativa\SITE.BarrioVereda" BUSINESS;FEATURE</Process><Process ToolSource="C:\Program Files\ArcGIS\Desktop10.0\ArcToolbox\Toolboxes\Data Management Tools.tbx\Analyze" Date="20131006" Time="060522">Analyze "Database Connections\zeus4_ATLAS_SDE.sde\SITE.DivisionAdministrativa\SITE.BarrioVereda" BUSINESS;FEATURE</Process><Process ToolSource="C:\Program Files\ArcGIS\Desktop10.0\ArcToolbox\Toolboxes\Data Management Tools.tbx\Analyze" Date="20131013" Time="054741">Analyze "Database Connections\zeus4_ATLAS_SDE.sde\SITE.DivisionAdministrativa\SITE.BarrioVereda" BUSINESS;FEATURE</Process><Process ToolSource="C:\Program Files\ArcGIS\Desktop10.0\ArcToolbox\Toolboxes\Data Management Tools.tbx\Analyze" Date="20131020" Time="075807">Analyze "Database Connections\zeus4_ATLAS_SDE.sde\SITE.DivisionAdministrativa\SITE.BarrioVereda" BUSINESS;FEATURE</Process><Process ToolSource="C:\Program Files\ArcGIS\Desktop10.0\ArcToolbox\Toolboxes\Data Management Tools.tbx\Analyze" Date="20131027" Time="054809">Analyze "Database Connections\zeus4_ATLAS_SDE.sde\SITE.DivisionAdministrativa\SITE.BarrioVereda" BUSINESS;FEATURE</Process><Process ToolSource="C:\Program Files\ArcGIS\Desktop10.0\ArcToolbox\Toolboxes\Data Management Tools.tbx\Analyze" Date="20131103" Time="053711">Analyze "Database Connections\zeus4_ATLAS_SDE_DIRECT.sde\SITE.DivisionAdministrativa\SITE.BarrioVereda" BUSINESS;FEATURE</Process><Process ToolSource="C:\Program Files\ArcGIS\Desktop10.0\ArcToolbox\Toolboxes\Data Management Tools.tbx\Analyze" Date="20131117" Time="054134">Analyze "Database Connections\zeus4_ATLAS_SDE_DIRECT.sde\SITE.DivisionAdministrativa\SITE.BarrioVereda" BUSINESS;FEATURE</Process><Process ToolSource="C:\Program Files\ArcGIS\Desktop10.0\ArcToolbox\Toolboxes\Data Management Tools.tbx\Analyze" Date="20131124" Time="053514">Analyze "Database Connections\zeus4_ATLAS_SDE_DIRECT.sde\SITE.DivisionAdministrativa\SITE.BarrioVereda" BUSINESS;FEATURE</Process><Process ToolSource="C:\Program Files\ArcGIS\Desktop10.0\ArcToolbox\Toolboxes\Data Management Tools.tbx\Analyze" Date="20131201" Time="054925">Analyze "Database Connections\zeus4_ATLAS_SDE_DIRECT.sde\SITE.DivisionAdministrativa\SITE.BarrioVereda" BUSINESS;FEATURE</Process><Process ToolSource="c:\program files (x86)\arcgis\desktop10.0\ArcToolbox\Toolboxes\Conversion Tools.tbx\FeatureClassToFeatureClass" Date="20131216" Time="204716">FeatureClassToFeatureClass D:\Compartida2\Revision_Divipola.mdb\DivisionAdministrativa\BarrioVereda "Database Connections\zeus4_ATLAS_SITE.sde\SITE.DivisionAdministrativa" BarrioVereda_2014 # "CODIGO "CODIGO" true true false 20 Text 0 0 ,First,#,D:\Compartida2\Revision_Divipola.mdb\DivisionAdministrativa\BarrioVereda,CODIGO,-1,-1;NOMBRE "NOMBRE" true true false 200 Text 0 0 ,First,#,D:\Compartida2\Revision_Divipola.mdb\DivisionAdministrativa\BarrioVereda,NOMBRE,-1,-1;ABREVIATURA "ABREVIATURA" true true false 200 Text 0 0 ,First,#,D:\Compartida2\Revision_Divipola.mdb\DivisionAdministrativa\BarrioVereda,ABREVIATURA,-1,-1;IDENTIFICACION "IDENTIFICACION" true true false 100 Text 0 0 ,First,#,D:\Compartida2\Revision_Divipola.mdb\DivisionAdministrativa\BarrioVereda,IDENTIFICACION,-1,-1;LIMITECOMUNACORREGIMIENTOID "LIMITECOMUNACORREGIMIENTOID" true true false 20 Text 0 0 ,First,#,D:\Compartida2\Revision_Divipola.mdb\DivisionAdministrativa\BarrioVereda,LIMITECOMUNACORREGIMIENTOID,-1,-1;ZHFISICAGEOECONOMICAID "ZHFISICAGEOECONOMICAID" true true false 20 Text 0 0 ,First,#,D:\Compartida2\Revision_Divipola.mdb\DivisionAdministrativa\BarrioVereda,ZHFISICAGEOECONOMICAID,-1,-1;LIMITEMUNICIPIOID "LIMITEMUNICIPIOID" true true false 20 Text 0 0 ,First,#,D:\Compartida2\Revision_Divipola.mdb\DivisionAdministrativa\BarrioVereda,LIMITEMUNICIPIOID,-1,-1;VIGENCIA_FORMACION "VIGENCIA_FORMACION" true true false 8 Date 0 0 ,First,#,D:\Compartida2\Revision_Divipola.mdb\DivisionAdministrativa\BarrioVereda,VIGENCIA_FORMACION,-1,-1;SUBTIPO_BARRIOVEREDA "SubTipo_BarrioVereda" true true false 4 Long 0 0 ,First,#,D:\Compartida2\Revision_Divipola.mdb\DivisionAdministrativa\BarrioVereda,SUBTIPO_BARRIOVEREDA,-1,-1;LINK_DOCUMENTO "LINK_DOCUMENTO" true true false 200 Text 0 0 ,First,#,D:\Compartida2\Revision_Divipola.mdb\DivisionAdministrativa\BarrioVereda,LINK_DOCUMENTO,-1,-1;SHAPE_Length "SHAPE_Length" false true true 8 Double 0 0 ,First,#,D:\Compartida2\Revision_Divipola.mdb\DivisionAdministrativa\BarrioVereda,SHAPE_Length,-1,-1;SHAPE_Area "SHAPE_Area" false true true 8 Double 0 0 ,First,#,D:\Compartida2\Revision_Divipola.mdb\DivisionAdministrativa\BarrioVereda,SHAPE_Area,-1,-1" #</Process><Process ToolSource="C:\Program Files (x86)\ArcGIS\Desktop10.0\ArcToolbox\Toolboxes\Data Management Tools.tbx\ChangePrivileges" Date="20131216" Time="205138">ChangePrivileges 'Database Connections\zeus4_ATLAS_SITE.sde\SITE.DivisionAdministrativa\SITE.BarrioVereda_2014';'Database Connections\zeus4_ATLAS_SITE.sde\SITE.DivisionAdministrativa\SITE.LimiteComunaCorregimiento_2014';'Database Connections\zeus4_ATLAS_SITE.sde\SITE.DivisionAdministrativa\SITE.LimiteMunicipio_2014' GEOCONSULTA GRANT AS_IS</Process><Process ToolSource="C:\Program Files\ArcGIS\Desktop10.0\ArcToolbox\Toolboxes\Data Management Tools.tbx\Analyze" Date="20131221" Time="054938">Analyze "Database Connections\zeus4_ATLAS_SDE_DIRECT.sde\SITE.DivisionAdministrativa\SITE.BarrioVereda_2014" BUSINESS;FEATURE</Process><Process ToolSource="C:\Program Files\ArcGIS\Desktop10.0\ArcToolbox\Toolboxes\Data Management Tools.tbx\Analyze" Date="20131228" Time="055048">Analyze "Database Connections\zeus4_ATLAS_SDE_DIRECT.sde\SITE.DivisionAdministrativa\SITE.BarrioVereda_2014" BUSINESS;FEATURE</Process><Process ToolSource="C:\Program Files\ArcGIS\Desktop10.0\ArcToolbox\Toolboxes\Data Management Tools.tbx\Analyze" Date="20140104" Time="054342">Analyze "Database Connections\zeus4_ATLAS_SDE_DIRECT.sde\SITE.DivisionAdministrativa\SITE.BarrioVereda_2014" BUSINESS;FEATURE</Process><Process ToolSource="C:\Program Files\ArcGIS\Desktop10.0\ArcToolbox\Toolboxes\Data Management Tools.tbx\Analyze" Date="20140111" Time="055316">Analyze "Database Connections\zeus4_ATLAS_SDE_DIRECT.sde\SITE.DivisionAdministrativa\SITE.BarrioVereda_2014" BUSINESS;FEATURE</Process><Process ToolSource="C:\Program Files\ArcGIS\Desktop10.0\ArcToolbox\Toolboxes\Data Management Tools.tbx\Analyze" Date="20140118" Time="061539">Analyze "Database Connections\zeus4_ATLAS_SDE_DIRECT.sde\SITE.DivisionAdministrativa\SITE.BarrioVereda_2014" BUSINESS;FEATURE</Process></lineage><itemProps><itemLocation><linkage Sync="TRUE">file://\\orfeo\SUBD_INFORMACION\Site-MXD\INFORMACION MAPAS\Ordenamiento_Territorial_POT_Acuerdo48_14\09_Shapes\Info_Basica\BarrioVereda_2014.shp</linkage><protocol Sync="TRUE">Local Area Network</protocol></itemLocation><itemName Sync="TRUE">BarrioVereda_2014</itemName><imsContentType Sync="TRUE">002</imsContentType><nativeExtBox><westBL Sync="TRUE">818288.419100</westBL><eastBL Sync="TRUE">845676.748900</eastBL><southBL Sync="TRUE">1173483.772600</southBL><northBL Sync="TRUE">1196930.356800</northBL><exTypeCode Sync="TRUE">1</exTypeCode></nativeExtBox><itemSize Sync="TRUE">4.412</itemSize></itemProps><coordRef><type Sync="TRUE">Projected</type><geogcsn Sync="TRUE">GCS_MAG_Ant_Medellin</geogcsn><csUnits Sync="TRUE">Linear Unit: Meter (1.000000)</csUnits><projcsn Sync="TRUE">PCS_MAG_Ant_Medellin</projcsn><peXml Sync="TRUE">&lt;ProjectedCoordinateSystem xsi:type='typens:ProjectedCoordinateSystem' xmlns:xsi='http://www.w3.org/2001/XMLSchema-instance' xmlns:xs='http://www.w3.org/2001/XMLSchema' xmlns:typens='http://www.esri.com/schemas/ArcGIS/10.1'&gt;&lt;WKT&gt;PROJCS[&amp;quot;PCS_MAG_Ant_Medellin&amp;quot;,GEOGCS[&amp;quot;GCS_MAG_Ant_Medellin&amp;quot;,DATUM[&amp;quot;D_DAT_MAG_Ant_Medellin&amp;quot;,SPHEROID[&amp;quot;GRS1980_MAG_Ant_Medellin&amp;quot;,6379647.0,298.257222101]],PRIMEM[&amp;quot;Greenwich&amp;quot;,0.0],UNIT[&amp;quot;Degree&amp;quot;,0.0174532925199433]],PROJECTION[&amp;quot;Transverse_Mercator&amp;quot;],PARAMETER[&amp;quot;False_Easting&amp;quot;,835378.647],PARAMETER[&amp;quot;False_Northing&amp;quot;,1180816.875],PARAMETER[&amp;quot;Central_Meridian&amp;quot;,-75.56488694],PARAMETER[&amp;quot;Scale_Factor&amp;quot;,1.0],PARAMETER[&amp;quot;Latitude_Of_Origin&amp;quot;,6.229208889],UNIT[&amp;quot;Meter&amp;quot;,1.0]]&lt;/WKT&gt;&lt;XOrigin&gt;-4789100&lt;/XOrigin&gt;&lt;YOrigin&gt;-9512600&lt;/YOrigin&gt;&lt;XYScale&gt;450159641.69649458&lt;/XYScale&gt;&lt;ZOrigin&gt;-100000&lt;/ZOrigin&gt;&lt;ZScale&gt;10000&lt;/ZScale&gt;&lt;MOrigin&gt;-100000&lt;/MOrigin&gt;&lt;MScale&gt;10000&lt;/MScale&gt;&lt;XYTolerance&gt;0.001&lt;/XYTolerance&gt;&lt;ZTolerance&gt;0.001&lt;/ZTolerance&gt;&lt;MTolerance&gt;0.001&lt;/MTolerance&gt;&lt;HighPrecision&gt;true&lt;/HighPrecision&gt;&lt;/ProjectedCoordinateSystem&gt;</peXml></coordRef></DataProperties><ArcGISstyle>ISO 19139 Metadata Implementation Specification</ArcGISstyle><SyncDate>20151104</SyncDate><SyncTime>09195900</SyncTime><ModDate>20151104</ModDate><ModTime>09195900</ModTime></Esri><dataIdInfo><envirDesc Sync="TRUE">Microsoft Windows 7 Version 6.1 (Build 7601) Service Pack 1; Esri ArcGIS 10.2.2.3552</envirDesc><dataLang><languageCode value="spa" Sync="TRUE"></languageCode><countryCode value="COL" Sync="TRUE"></countryCode></dataLang><idCitation><resTitle Sync="TRUE">BarrioVereda_2014</resTitle><presForm><PresFormCd value="005" Sync="TRUE"></PresFormCd></presForm></idCitation><spatRpType><SpatRepTypCd value="001" Sync="TRUE"></SpatRepTypCd></spatRpType><dataExt><geoEle><GeoBndBox esriExtentType="search"><exTypeCode Sync="TRUE">1</exTypeCode><westBL Sync="TRUE">-75.719323</westBL><eastBL Sync="TRUE">-75.471828</eastBL><northBL Sync="TRUE">6.374882</northBL><southBL Sync="TRUE">6.162892</southBL></GeoBndBox></geoEle></dataExt></dataIdInfo><mdLang><languageCode value="spa" Sync="TRUE"></languageCode><countryCode value="COL" Sync="TRUE"></countryCode></mdLang><distInfo><distFormat><formatName Sync="TRUE">Shapefile</formatName></distFormat><distTranOps><transSize Sync="TRUE">4.412</transSize></distTranOps></distInfo><mdHrLv><ScopeCd value="005" Sync="TRUE"></ScopeCd></mdHrLv><mdHrLvName Sync="TRUE">dataset</mdHrLvName><refSysInfo><RefSystem><refSysID><identCode code="0" Sync="TRUE"></identCode></refSysID></RefSystem></refSysInfo><spatRepInfo><VectSpatRep><geometObjs Name="BarrioVereda_2014"><geoObjTyp><GeoObjTypCd value="002" Sync="TRUE"></GeoObjTypCd></geoObjTyp><geoObjCnt Sync="TRUE">332</geoObjCnt></geometObjs><topLvl><TopoLevCd value="001" Sync="TRUE"></TopoLevCd></topLvl></VectSpatRep></spatRepInfo><spdoinfo><ptvctinf><esriterm Name="BarrioVereda_2014"><efeatyp Sync="TRUE">Simple</efeatyp><efeageom code="4" Sync="TRUE"></efeageom><esritopo Sync="TRUE">FALSE</esritopo><efeacnt Sync="TRUE">332</efeacnt><spindex Sync="TRUE">TRUE</spindex><linrefer Sync="TRUE">FALSE</linrefer></esriterm></ptvctinf></spdoinfo><eainfo><detailed Name="BarrioVereda_2014"><enttyp><enttypl Sync="TRUE">BarrioVereda_2014</enttypl><enttypt Sync="TRUE">Feature Class</enttypt><enttypc Sync="TRUE">332</enttypc></enttyp><attr><attrlabl Sync="TRUE">CODIGO</attrlabl><attalias Sync="TRUE">CODIGO</attalias><attrtype Sync="TRUE">String</attrtype><attwidth Sync="TRUE">20</attwidth><atprecis Sync="TRUE">0</atprecis><attscale Sync="TRUE">0</attscale></attr><attr><attrlabl Sync="TRUE">NOMBRE</attrlabl><attalias Sync="TRUE">NOMBRE</attalias><attrtype Sync="TRUE">String</attrtype><attwidth Sync="TRUE">200</attwidth><atprecis Sync="TRUE">0</atprecis><attscale Sync="TRUE">0</attscale></attr><attr><attrlabl Sync="TRUE">FID</attrlabl><attalias Sync="TRUE">FID</attalias><attrtype Sync="TRUE">OID</attrtype><attwidth Sync="TRUE">4</attwidth><atprecis Sync="TRUE">0</atprecis><attscale Sync="TRUE">0</attscale><attrdef Sync="TRUE">Internal feature number.</attrdef><attrdefs Sync="TRUE">Esri</attrdefs><attrdomv><udom Sync="TRUE">Sequential unique whole numbers that are automatically generated.</udom></attrdomv></attr><attr><attrlabl Sync="TRUE">SHAPE</attrlabl><attalias Sync="TRUE">Shape</attalias><attrtype Sync="TRUE">Geometry</attrtype><attwidth Sync="TRUE">0</attwidth><atprecis Sync="TRUE">0</atprecis><attscale Sync="TRUE">0</attscale><attrdef Sync="TRUE">Feature geometry.</attrdef><attrdefs Sync="TRUE">ESRI</attrdefs><attrdomv><udom Sync="TRUE">Coordinates defining the features.</udom></attrdomv></attr><subtype><stname Sync="TRUE">Barrio</stname><stcode Sync="TRUE">1</stcode><stfield><stfldnm Sync="TRUE">SUBTIPO_BARRIOVEREDA</stfldnm><stflddv Sync="TRUE">1</stflddv></stfield></subtype><subtype><stname Sync="TRUE">Vereda</stname><stcode Sync="TRUE">2</stcode><stfield><stfldnm Sync="TRUE">SUBTIPO_BARRIOVEREDA</stfldnm><stflddv Sync="TRUE">2</stflddv></stfield></subtype><attr><attrlabl Sync="TRUE">ABREVIATUR</attrlabl><attalias Sync="TRUE">ABREVIATUR</attalias><attrtype Sync="TRUE">String</attrtype><attwidth Sync="TRUE">200</attwidth><atprecis Sync="TRUE">0</atprecis><attscale Sync="TRUE">0</attscale></attr><attr><attrlabl Sync="TRUE">IDENTIFICA</attrlabl><attalias Sync="TRUE">IDENTIFICA</attalias><attrtype Sync="TRUE">String</attrtype><attwidth Sync="TRUE">100</attwidth><atprecis Sync="TRUE">0</atprecis><attscale Sync="TRUE">0</attscale></attr><attr><attrlabl Sync="TRUE">LIMITECOMU</attrlabl><attalias Sync="TRUE">LIMITECOMU</attalias><attrtype Sync="TRUE">String</attrtype><attwidth Sync="TRUE">20</attwidth><atprecis Sync="TRUE">0</atprecis><attscale Sync="TRUE">0</attscale></attr><attr><attrlabl Sync="TRUE">ZHFISICAGE</attrlabl><attalias Sync="TRUE">ZHFISICAGE</attalias><attrtype Sync="TRUE">String</attrtype><attwidth Sync="TRUE">20</attwidth><atprecis Sync="TRUE">0</atprecis><attscale Sync="TRUE">0</attscale></attr><attr><attrlabl Sync="TRUE">LIMITEMUNI</attrlabl><attalias Sync="TRUE">LIMITEMUNI</attalias><attrtype Sync="TRUE">String</attrtype><attwidth Sync="TRUE">20</attwidth><atprecis Sync="TRUE">0</atprecis><attscale Sync="TRUE">0</attscale></attr><attr><attrlabl Sync="TRUE">VIGENCIA_F</attrlabl><attalias Sync="TRUE">VIGENCIA_F</attalias><attrtype Sync="TRUE">Date</attrtype><attwidth Sync="TRUE">8</attwidth><atprecis Sync="TRUE">0</atprecis><attscale Sync="TRUE">0</attscale></attr><attr><attrlabl Sync="TRUE">SUBTIPO_BA</attrlabl><attalias Sync="TRUE">SUBTIPO_BA</attalias><attrtype Sync="TRUE">Integer</attrtype><attwidth Sync="TRUE">9</attwidth><atprecis Sync="TRUE">9</atprecis><attscale Sync="TRUE">0</attscale></attr><attr><attrlabl Sync="TRUE">LINK_DOCUM</attrlabl><attalias Sync="TRUE">LINK_DOCUM</attalias><attrtype Sync="TRUE">String</attrtype><attwidth Sync="TRUE">200</attwidth><atprecis Sync="TRUE">0</atprecis><attscale Sync="TRUE">0</attscale></attr><attr><attrlabl Sync="TRUE">SHAPE_Leng</attrlabl><attalias Sync="TRUE">SHAPE_Leng</attalias><attrtype Sync="TRUE">Double</attrtype><attwidth Sync="TRUE">19</attwidth><atprecis Sync="TRUE">0</atprecis><attscale Sync="TRUE">0</attscale></attr><attr><attrlabl Sync="TRUE">SHAPE_Area</attrlabl><attalias Sync="TRUE">SHAPE_Area</attalias><attrtype Sync="TRUE">Double</attrtype><attwidth Sync="TRUE">19</attwidth><atprecis Sync="TRUE">0</atprecis><attscale Sync="TRUE">0</attscale><attrdef Sync="TRUE">Area of feature in internal units squared.</attrdef><attrdefs Sync="TRUE">Esri</attrdefs><attrdomv><udom Sync="TRUE">Positive real numbers that are automatically generated.</udom></attrdomv></attr></detailed></eainfo><mdDateSt Sync="TRUE">20151104</mdDateSt></metadata>
